USE sport_shop;

-- ==========================================
-- 1. 补充测试买家用户
-- ==========================================
INSERT INTO sys_user (user_id, user_name, nick_name, user_type, email, phonenumber, sex, password, status, create_by, create_time) VALUES
(3, 'zhangsan', '张三(买家)', '01', 'zhangsan@qq.com', '13800138000', '1', '$2a$10$boXFAiZ4OdtZiT2owx.xx.F848I4rh4JCQQDvgAaEwiktcFRh8Ile', '0', 'admin', NOW()),
(4, 'lisi', '李四(买家)', '01', 'lisi@163.com', '13900139000', '0', '$2a$10$boXFAiZ4OdtZiT2owx.xx.F848I4rh4JCQQDvgAaEwiktcFRh8Ile', '0', 'admin', NOW());

-- ==========================================
-- 2. 收货地址假数据 (address)
-- ==========================================
INSERT INTO address (id, user_id, name, phone, province, city, district, detail, is_default, created_at) VALUES
(1, 3, '张三', '13800138000', '北京市', '北京市', '朝阳区', '望京SOHO T1 1101室', 1, NOW()),
(2, 3, '张三(公司)', '13800138000', '北京市', '北京市', '海淀区', '中关村软件园 8号楼', 0, NOW()),
(3, 4, '李四', '13900139000', '上海市', '上海市', '浦东新区', '张江高科技园区 88号', 1, NOW());

-- ==========================================
-- 3. 商品分类 (category)
-- 规则：一级 parent_id=0；二级 parent_id=一级分类 id，同 parent 下 name 唯一（保留最小 id）
-- 一级：运动鞋靴=1，运动服饰=2，运动装备=5
-- ==========================================
INSERT INTO category (id, name, parent_id, sort, created_at) VALUES
-- 一级分类
(1, '运动鞋靴', 0, 1, '2026-06-03 10:22:23'),
(2, '运动服饰', 0, 2, '2026-06-03 18:24:23'),
(5, '运动装备', 0, 5, NOW()),

-- 二级分类（运动鞋靴）
(10001, '跑步鞋', 1, 1, '2026-06-03 10:22:23'),
(10002, '篮球鞋', 1, 2, '2026-06-03 10:22:23'),
(10003, '徒步鞋', 1, 6, NOW()),
(10004, '羽毛球鞋', 1, 3, '2026-06-03 10:22:23'),
(10005, '户外鞋', 1, 4, '2026-06-03 10:22:23'),
(10006, '乒乓球鞋', 1, 5, '2026-06-03 10:22:23'),

-- 二级分类（运动服饰）
(30001, '健身服饰', 2, 1, '2026-06-03 18:24:23'),
(30002, '跑步服饰', 2, 2, '2026-06-03 18:24:23'),
(30003, '游泳服饰', 2, 3, '2026-06-03 18:24:23'),
(30004, '骑行服饰', 2, 4, '2026-06-03 18:24:23'),
(30005, '钓鱼服饰', 2, 5, '2026-06-03 18:24:23'),
(40001, '运动短裤', 2, 7, NOW()),

-- 二级分类（运动装备）
(50001, '篮球', 5, 1, NOW()),
(60001, '羽毛球', 5, 2, NOW()),
(70001, '露营装备', 5, 3, NOW()),
(80001, '滑雪装备', 5, 5, NOW());

-- ==========================================
-- 4. 商品 (product)
-- 规则：category_id 指向二级分类 id（同名分类共享最小 id）；主图 {id}_main.png
-- ==========================================
INSERT INTO product (id, category_id, name, description, main_image, price, status, stock, created_at) VALUES
(10001, 10001, '吾适6女子透气清凉休闲慢跑鞋', '透气缓震，适合日常慢跑及中长跑训练。', '10001_main.png', 599.00, 1, 500, '2026-06-03 10:22:23'),
(10002, 10002, 'Adidas Trae Young 1 吹杨一代篮球鞋', '极度防滑，专为后卫打造的实战利器。', '10002_main.png', 899.00, 1, 200, '2026-06-03 10:22:23'),
(10003, 10003, 'QUECHUA 男士低帮防水徒步鞋，MH500 黑色', '搭载 OUTDOOR CONTACT 鞋底与 5 毫米防滑钉，即便在潮湿地面也能保持稳固抓地力。 脚部支撑性良好，经实地测试验证。', '10003_main.png', 549.90, 1, 200, NOW()),
(10004, 10004, '影速SE男女同款减震回弹羽毛球专业鞋', '轻量回弹更为优异，穿着更为舒适。', '10004_main.png', 799.00, 1, 200, '2026-06-03 10:22:23'),
(10005, 10005, '行景2男女同款透气清凉减震回弹户外徒步鞋', '缓震稳步，步履轻盈。', '10005_main.png', 420.00, 1, 300, '2026-06-03 10:22:23'),
(10006, 10006, '乒乓球系列鹰眼2.0 PRO男女同款减震回弹乒乓球专业鞋APPU023-11', '减震回弹，专业乒乓比赛鞋', '10006_main.png', 600.00, 1, 300, '2026-06-03 10:22:23');

INSERT INTO product (id, category_id, name, description, main_image, price, status, stock, created_at) VALUES
(30001, 30001, '男士高强度训练紧身T恤 - 锌灰色', '专为力量训练而设计，凸显肌肉线条，展示训练成果。背部和下摆的防滑设计，助力您专注训练
这款无缝修身T恤能让您在锻炼时更加专注更自信！它能完美凸显您的胸部、背部和手臂线条。', '30001_main.png', 149.90, 1, 500, '2026-06-03 18:24:23'),
(30002, 30002, '男士跑步凉感快干T恤RUN DRY 500', '我们的设计师为在温暖天气跑步时提供更舒适体验，打造了这款柔软、透气、凉爽的男士运动T恤。
这款T恤柔软、凉爽、透气，跑步时让你几乎忘记它的存在。它的舒适性会使其成为您跑步的好伙伴。', '30002_main.png', 69.90, 1, 200, '2026-06-03 18:24:23'),
(30003, 30003, '男士泳裤, Yoko black yellow', '这款时尚的泳裤专为想要循序渐进的游泳者而设计，他们既想要锻炼身体，又想提高游泳技术.
想要一款出众的泳裤? 出色的合身性和高抗氯性， 是高强度游泳练习的理想搭档。', '30003_main.png', 109.90, 1, 200, '2026-06-03 18:24:23'),
(30004, 30004, '骑行头盔 RoadR 500-白色', '这款头盔由我们的工程师匠心设计，灵感源自品牌专为初次骑行体验打造的经典款型。
这款头盔专为骑行者打造，契合其对紧凑造型、高效透气头盔的需求；搭载品牌研发中心工程师团队专属设计的调节系统，带来更舒适的佩戴体验。', '30004_main.png', 249.90, 1, 300, '2026-06-03 18:24:23'),
(30005, 30005, '防晒帽 遮阳帽CN Fishing HAT Grey', '本款防晒帽可根据户外需求，变换四种戴法。有效阻挡紫外线，为您提供360°防晒保护。
本款防晒帽可根据户外需求，变换四种戴法。有效阻挡紫外线，为您提供360°防晒保护。', '30005_main.png', 79.90, 1, 300, '2026-06-03 18:24:23');

INSERT INTO product (id, category_id, name, description, main_image, price, status, stock, created_at) VALUES
(40001, 40001, 'KIPRUN 男士跑步透气快干短裤DRY 500', '这款跑步短裤的后拉链口袋可以防止手机乱动。把钥匙放在单独的口袋里，以免损坏手机。', '40001_main.png', 79.90, 1, 200, NOW()),
(40002, 40001, 'KIPRUN 男士跑步透气快干短裤DRY 500', '这款跑步短裤的后拉链口袋可以防止手机乱动。把钥匙放在单独的口袋里，以免损坏手机。', '40002_main.png', 79.90, 1, 200, NOW());

INSERT INTO product (id, category_id, name, description, main_image, price, status, stock, created_at) VALUES
(50001, 50001, '7号FIBA标准篮球', '这款7号篮球的聚氨酯外层，可提供出色的触球感， 打球的人将会对它爱不释手', '50001_main.png', 169.90, 1, 200, NOW()),
(50002, 50001, 'NBA联名成人篮球T恤', '这款NBA品牌T恤可让您活动自如。产品的设计旨在排汗并减少异味，让您可以舒适地进行训练。', '50002_main.png', 149.90, 1, 200, NOW()),
(60001, 60001, '速度型羽毛球拍', '一款轻盈有力的速度型全碳素球拍，仅重74克6U，易于操控，击球快而有力，适合初中阶羽毛球爱好者。', '60001_main.png', 199.90, 1, 200, NOW()),
(60002, 60001, '女士羽毛球T恤', '新一代轻盈面料，更轻12%,剪裁贴合人体，弹性面料保证打球时的活动自如。', '60002_main.png', 99.90, 1, 200, NOW()),
(70001, 70001, 'QUECHUA 折叠式露营椅 - 蓝色', '舒适可压缩！可快速折叠，方便外出携带，而不会占用太多空间（75x15x15 厘米）。内置束带，方便携带。', '70001_main.png', 69.90, 1, 200, NOW()),
(70002, 70001, 'QUECHUA 折叠款露营装备运送车- 手推车', '我们的动机？可以轻松地将露营装备搬运到指定地点。这款推车可折叠存放，十分便携。', '70002_main.png', 399.90, 1, 200, NOW()),
(80001, 80001, 'WEDZE 滑雪护目镜G 500 I 全天候 黑色', '这款可换镜片滑雪镜，能根据天气更换镜片。 晴天、阴天均可使用。一副即可应对多种场景。成人与儿童都能佩戴，也支持搭配近视眼镜使用。', '80001_main.png', 399.90, 1, 200, NOW()),
(80002, 80001, 'WEDZE G500 I 全天气款亚洲版滑雪镜 儿童成人通用 大理石纹理配色', '这款可换镜片滑雪镜，能根据天气更换镜片。 晴天、阴天均可使用。一副即可应对多种场景。成人与儿童都能佩戴，也支持搭配近视眼镜使用。', '80002_main.png', 399.90, 1, 200, NOW());

INSERT INTO product (id, category_id, name, description, main_image, price, status, stock, created_at) VALUES
(10021, 10002, 'KIPSTA 青少年篮球鞋Fast 500 - 蓝色', '这款篮球鞋和成人版FAST 500 型号风格相同， 但是专为满足成长中的孩子的需求而设计.', '10021_main.png', 249.90, 1, 200, NOW()),
(10022, 10002, 'KIPSTA 青少年篮球鞋Fast 500 - 灰色绿色', '这款篮球鞋和成人版FAST 500 型号风格相同， 但是专为满足成长中的孩子的需求而设计.', '10022_main.png', 249.90, 1, 200, NOW()),
(10023, 10002, 'TARMAK 青少年高帮篮球鞋SE100-黑色', '鞋子采用弹性材质，并配置魔术贴，孩子可以自己轻松地穿脱篮球鞋。 在运动过程中鞋带不会松。', '10023_main.png', 129.90, 1, 200, NOW()),
(10024, 10002, 'TARMAK 青少年高帮篮球鞋SE100-雪白/烟熏黑', '鞋子采用弹性材质，并配置魔术贴，孩子可以自己轻松地穿脱篮球鞋。 在运动过程中鞋带不会松。', '10024_main.png', 129.90, 1, 200, NOW()),
(10025, 10002, 'KIPSTA NBA成人篮球鞋FAST500 凯尔特人款-金色', '这款篮球鞋从诞生之初就被设计成非常舒适和轻便的球鞋， 可助您在球场上快速突破和移动。', '10025_main.png', 399.90, 1, 200, NOW()),
(10026, 10002, 'DECATHLON 护踝 左脚右脚皆适用', '这款脚踝支撑护带采用收紧带设计和压缩编织技术，能有效保护您的脚踝。单只出售。提供4种尺码。', '10026_main.png', 79.90, 1, 200, NOW()),
(10027, 10005, 'QUECHUA 男士防水徒步鞋，MH100 灰色', '这款徒步鞋针对步道行走设计，有三个关键优势：鞋底抓地力强、鞋头能保护脚趾、全脚掌有缓冲。而且它还有防水内衬，能让你的脚一直保持干爽。', '10027_main.png', 349.90, 1, 200, NOW()),
(10028, 10005, 'QUECHUA 男士防水徒步鞋，MH100 蓝绿色', '这款徒步鞋针对步道行走设计，有三个关键优势：鞋底抓地力强、鞋头能保护脚趾、全脚掌有缓冲。而且它还有防水内衬，能让你的脚一直保持干爽。', '10028_main.png', 349.90, 1, 200, NOW()),
(10029, 10005, 'QUECHUA MH500 男士防水徒步鞋', '徒步更舒适：充足的缓冲效果，分体式皮革鞋面，确保穿着舒适。徒步更安全：防水的鞋面，防石击设计。抓地牢靠的鞋底。', '10029_main.png', 449.90, 1, 200, NOW()),
(10030, 10005, 'QUECHUA 男士高帮防水徒步鞋，MH500 棕色', '这款徒步鞋采用中帮鞋面、自锁挂钩设计，并搭配 5 毫米防滑钉，专为经验丰富的徒步者打造。无论是泥泞路段，还是复杂地形的步道，都能轻松应对。', '10030_main.png', 599.90, 1, 200, NOW()),
(10031, 10005, 'QUECHUA 男士高帮防水徒步鞋，MH500 蓝色/黑色', '这款徒步鞋采用中帮鞋面、自锁挂钩设计，并搭配 5 毫米防滑钉，专为经验丰富的徒步者打造。无论是泥泞路段，还是复杂地形的步道，都能轻松应对。', '10031_main.png', 599.90, 1, 200, NOW()),
(10032, 10005, 'QUECHUA MH100 男士防水徒步鞋 - 黑色', '凭借高帮鞋身与防水性能，这款鞋子能够提供良好支撑与防护，即使在雨天、潮湿地面及复杂路况下，也可保持脚部干爽。', '10032_main.png', 399.90, 1, 200, NOW()),
(10033, 10001, 'DECATHLON Playful Summer儿童体能透气运动鞋 男女同款 - 紫黑色', '我们与健康专家合作设计了这款鞋，以满足成长中孩子的需求。对于充满冒险的夏天来说，这款鞋是该系列中最透气的。', '10033_main.png', 179.90, 1, 200, NOW()),
(10034, 10001, 'DECATHLON Playful Summer儿童体能透气运动鞋 男女同款 - 粉白色', '我们与健康专家合作设计了这款鞋，以满足成长中孩子的需求。对于充满冒险的夏天来说，这款鞋是该系列中最透气的。', '10034_main.png', 179.90, 1, 200, NOW()),
(10035, 10001, 'DECATHLON 儿童透气运动鞋 Playful Summer 紫色', '我们与健康专家合作设计了这款鞋，以满足成长中孩子的需求。对于充满冒险的夏天来说，这款鞋是该系列中最透气的。', '10035_main.png', 179.90, 1, 200, NOW()),
(10036, 10001, 'DECATHLON 儿童透气运动鞋 Playful Summer 卡其色', '我们与健康专家合作设计了这款鞋，以满足成长中孩子的需求。对于充满冒险的夏天来说，这款鞋是该系列中最透气的。', '10036_main.png', 179.90, 1, 200, NOW()),
(10037, 10001, 'DECATHLON Playful Summer儿童体能透气运动鞋 男女同款 - 蓝黄色', '我们与健康专家合作设计了这款鞋，以满足成长中孩子的需求。对于充满冒险的夏天来说，这款鞋是该系列中最透气的。', '10037_main.png', 179.90, 1, 200, NOW()),
(10038, 10001, 'KIPRUN  男士碳板专业马拉松竞训跑鞋CHALLENGER 2', '碳翼 KD900X.2，超轻量鞋身搭载全掌碳板，为跑者的每一步提供如加持了羽翼般的澎湃动力，无论距离多远，助力你突破自我纪录！', '10038_main.png', 499.90, 1, 200, NOW()),
(10039, 10003, 'QUECHUA 女式徒步鞋 NH150 Fresh', '穿着舒适，防石击保护，具有理想的防滑性。轻便舒适，短距离步行的理想伴侣。', '10039_main.png', 299.90, 1, 200, NOW()),
(10040, 10003, 'QUECHUA 男士低帮防水徒步鞋，MH500 黑色', '搭载 OUTDOOR CONTACT 鞋底与 5 毫米防滑钉，即便在潮湿地面也能保持稳固抓地力。 脚部支撑性良好，经实地测试验证。', '10040_main.png', 549.90, 1, 200, NOW()),
(10041, 10003, 'QUECHUA 男士防水低帮徒步鞋，MH500 灰色', '搭载 OUTDOOR CONTACT 鞋底与 5 毫米防滑钉，即便在潮湿地面也能保持稳固抓地力。 脚部支撑性良好，经实地测试验证。', '10041_main.png', 549.90, 1, 200, NOW()),
(10042, 10003, 'QUECHUA 女士防水高帮徒步鞋，MH500 灰色', '这款鞋子采用中帮鞋身、自锁式鞋扣及 5 毫米防滑鞋钉设计，专为经验丰富的徒步者打造，无惧泥泞路况与技术型路段。', '10042_main.png', 599.90, 1, 200, NOW()),
(10043, 10003, 'QUECHUA 女士防水缓震山地徒步鞋，MH500 米色', '这款鞋子采用中帮鞋身、自锁式鞋扣及 5 毫米防滑鞋钉设计，专为经验丰富的徒步者打造，无惧泥泞路况与技术型路段。', '10043_main.png', 599.90, 1, 200, NOW()),
(10044, 10003, 'QUECHUA 女士防水缓震山地徒步鞋，MH500 棕色', '这款鞋子采用中帮鞋身、自锁式鞋扣及 5 毫米防滑鞋钉设计，专为经验丰富的徒步者打造，无惧泥泞路况与技术型路段。', '10044_main.png', 599.90, 1, 200, NOW()),
(10045, 10004, 'KUIKMA 轻量系列青少年羽毛球鞋560HABU​​​​ 海军蓝', '适合定期训练的青少年羽毛球员，在快速移动和上网跨步中需要的一双兼顾轻盈与抗扭的羽毛球鞋，后跟DHN专利技术同时提供良好的缓震性。habu®Fit旋钮系统提供多向运动时的优越支撑性，快速易锁，方便穿脱。', '10045_main.png', 299.90, 1, 200, NOW()),
(10046, 10004, 'KUIKMA 轻量系列青少年羽毛球鞋560HABU​款 魔力白', '适合定期训练的青少年羽毛球员，在快速移动和上网跨步中需要的一双兼顾轻盈与抗扭的羽毛球鞋，后跟DHN专利技术同时提供良好的缓震性。habu®Fit旋钮系统提供多向运动时的优越支撑性，快速易锁，方便穿脱。', '10046_main.png', 299.90, 1, 200, NOW()),
(10047, 10004, 'KUIKMA 轻量系列青少年羽毛球鞋560HABU​​​​ 糖果粉', '适合定期训练的青少年羽毛球员，在快速移动和上网跨步中需要的一双兼顾轻盈与抗扭的羽毛球鞋，后跟DHN专利技术同时提供良好的缓震性。habu®Fit旋钮系统提供多向运动时的优越支撑性，快速易锁，方便穿脱。', '10047_main.png', 299.90, 1, 200, NOW()),
(10048, 10004, 'KUIKMA 轻量系列女士羽毛球鞋560 淡荷紫', '适合定期训练的羽毛球员，在快速移动和上网跨步中需要的一双兼顾轻盈与抗扭的羽毛球鞋，后跟DHN专利技术同时提供良好的缓震性。', '10048_main.png', 279.90, 1, 200, NOW()),
(10049, 10004, 'KUIKMA 动能系列女士羽毛球鞋590 彩虹粉', '采用后跟DHN专利缓震系统，针对羽毛球运动研发，强力减震；同时搭配IN-UP反弹结构，有效提高启动速度及落地后的缓震性。', '10049_main.png', 399.90, 1, 200, NOW()),
(10050, 10004, 'KUIKMA 动能系列男士羽毛球鞋590 象牙白', '后跟采用DHN专利缓震系统，针对羽毛球运动研发，强力减震；同时搭配IN-UP反弹结构，有效提高启动速度及落地后的缓震性。', '10050_main.png', 399.90, 1, 200, NOW()),
(10051, 10006, 'KUIKMA 舒适系列YOW乒乓球鞋560 - 白色/蓝色', '这双鞋轻便透气，给你的每一次运动提供恰到好处的舒适感。', '10051_main.png', 299.90, 1, 200, NOW()),
(10052, 10006, 'KUIKMA 舒适系列YOW乒乓球鞋560-白色/粉色', '这双鞋轻便透气，给你的每一次运动提供恰到好处的舒适感。', '10052_main.png', 299.90, 1, 200, NOW()),
(10053, 10006, 'PONGORI 乒乓球鞋TTS 560 - 蓝白', '您是在找用于比赛和训练的乒乓球鞋吗?本款鞋子的抓力和缓震性能让您在运动中更舒适。', '10053_main.png', 299.90, 1, 200, NOW()),
(10054, 10006, 'PONGORI 乒乓球鞋TTS 560 - 黑色／白色', '您是在找用于比赛和训练的乒乓球鞋吗?本款鞋子的抓力和缓震性能让您在运动中更舒适。', '10054_main.png', 299.90, 1, 200, NOW()),
(10055, 10006, 'PONGORI 新款乒乓球鞋TTS 500 - 白色/银色', '无需担心打滑，专注于您的比赛! 鞋底的支撑、抓地力与轻盈可以让您在比赛中启动更快。', '10055_main.png', 199.90, 1, 200, NOW()),
(10056, 10006, 'PONGORI 新款乒乓球鞋TTS 500 - 白色/蓝色', '无需担心打滑，专注于您的比赛! 鞋底的支撑、抓地力与轻盈可以让您在比赛中启动更快。', '10056_main.png', 199.90, 1, 200, NOW()),
(30006, 30001, 'DECATHLON 男士跑步透气快干T恤100系列', '这款男士跑步T恤的面料由再生聚酯纤维制成，可以加快吸附和蒸发汗水的速度，从而将潮湿感降低。它比棉质T恤干得更快。', '30006_main.png', 39.90, 1, 200, NOW()),
(30007, 30001, 'DECATHLON 男士跑步透气快干T恤100系列', '这款男士跑步T恤的面料由再生聚酯纤维制成，可以加快吸附和蒸发汗水的速度，从而将潮湿感降低。它比棉质T恤干得更快。', '30007_main.png', 39.90, 1, 200, NOW()),
(30008, 30001, 'DECATHLON KIPRUN男士跑步透气快干T恤100系列', '这款男士跑步T恤的面料由再生聚酯纤维制成，可以加快吸附和蒸发汗水的速度，从而将潮湿感降低。它比棉质T恤干得更快。', '30008_main.png', 39.90, 1, 200, NOW()),
(30009, 30001, 'DECATHLON 男士跑步透气快干T恤100系列', '这款男士跑步T恤的面料由再生聚酯纤维制成，可以加快吸附和蒸发汗水的速度，从而将潮湿感降低。它比棉质T恤干得更快。', '30009_main.png', 39.90, 1, 200, NOW()),
(30010, 30001, 'DECATHLON KIPRUN男士跑步透气快干T恤100系列-蓝色', '这款男士跑步T恤的面料由再生聚酯纤维制成，可以加快吸附和蒸发汗水的速度，从而将潮湿感降低。它比棉质T恤干得更快。', '30010_main.png', 39.90, 1, 200, NOW()),
(30011, 30001, 'DECATHLON 男士跑步透气快干T恤100系列', '这款男士跑步T恤的面料由再生聚酯纤维制成，可以加快吸附和蒸发汗水的速度，从而将潮湿感降低。它比棉质T恤干得更快。', '30011_main.png', 39.90, 1, 200, NOW()),
(30012, 30002, 'QUECHUA 男士户外徒步长袖防晒 T 恤 MH500', '采用特殊的工艺制成的纱线结构，触感柔滑舒适，带来凉爽的穿着体验，而且能有效过滤掉紫外线。', '30012_main.png', 249.90, 1, 200, NOW()),
(30013, 30002, 'QUECHUA 男式长袖徒步防晒 TT恤，MH500', '采用特殊的工艺制成的纱线结构，触感柔滑舒适，带来凉爽的穿着体验，而且能有效过滤掉紫外线。', '30013_main.png', 199.90, 1, 200, NOW()),
(30014, 30002, 'DOMYOS 男士高强度训练紧身T恤 - 锌灰色', '这款无缝修身T恤能让您在锻炼时更加专注更自信！它能完美凸显您的胸部、背部和手臂线条。', '30014_main.png', 149.90, 1, 200, NOW()),
(30015, 30002, 'DOMYOS 男士高强度训练紧身T恤 - 石墨灰色', '这款无缝修身T恤能让您在锻炼时更加专注更自信！它能完美凸显您的胸部、背部和手臂线条。', '30015_main.png', 149.90, 1, 200, NOW()),
(30016, 30002, 'DOMYOS 男士高强度训练紧身T恤 - 深酒红色', '这款无缝修身T恤能让您在锻炼时更加专注更自信！它能完美凸显您的胸部、背部和手臂线条。', '30016_main.png', 149.90, 1, 200, NOW()),
(30017, 30002, 'KALENJI 男士跑步快干透气T恤 500系列', '这款T恤柔软、凉爽、透气，跑步时让你几乎忘记它的存在。它的舒适性会使其成为您跑步的好伙伴。', '30017_main.png', 69.90, 1, 200, NOW()),
(30018, 30003, 'KALENJI 男士跑步快干透气T恤 500系列', '这款T恤柔软、凉爽、透气，跑步时让你几乎忘记它的存在。它的舒适性会使其成为您跑步的好伙伴。', '30018_main.png', 69.90, 1, 200, NOW()),
(30019, 30003, 'KALENJI 男士跑步凉感快干T恤TS RUN 500 H DRY SPE CN  -暗纹蓝', '这款T恤柔软、凉爽、透气，跑步时让你几乎忘记它的存在。它的舒适性会使其成为您跑步的好伙伴。', '30019_main.png', 69.90, 1, 200, NOW()),
(30020, 30003, 'KALENJI 男士跑步凉感快干T恤RUN DRY 500', '这款T恤柔软、凉爽、透气，跑步时让你几乎忘记它的存在。它的舒适性会使其成为您跑步的好伙伴。', '30020_main.png', 69.90, 1, 200, NOW()),
(30021, 30003, 'KALENJI 男士跑步凉感快干T恤 DRY 500', '这款T恤柔软、凉爽、透气，跑步时让你几乎忘记它的存在。它的舒适性会使其成为您跑步的好伙伴。', '30021_main.png', 69.90, 1, 200, NOW()),
(30022, 30003, 'KALENJI 男士跑步快干透气T恤 500系列', '这款T恤柔软、凉爽、透气，跑步时让你几乎忘记它的存在。它的舒适性会使其成为您跑步的好伙伴。', '30022_main.png', 69.90, 1, 200, NOW()),
(30023, 30003, 'KIPRUN 男士跑步透气快干防晒T恤500系列', '这款T恤采用结构化材料，柔软舒适，不会粘在皮肤上，让您保持凉爽。非常适合所有健身运动和日常跑步。', '30023_main.png', 99.90, 1, 200, NOW()),
(30024, 30004, 'KIPRUN 男士跑步透气快干防晒T恤500系列', '这款T恤采用结构化材料，柔软舒适，不会粘在皮肤上，让您保持凉爽。非常适合所有健身运动和日常跑步。', '30024_main.png', 99.90, 1, 200, NOW()),
(30025, 30004, 'KIPRUN 男士跑步透气快干防晒T恤 ANTI-UV 500', '这款T恤采用结构化材料，柔软舒适，不会粘在皮肤上，让您保持凉爽。非常适合所有健身运动和日常跑步。', '30025_main.png', 99.90, 1, 200, NOW()),
(30026, 30004, 'KIPRUN 男士跑步透气快干防晒T恤 ANTI-UV 500', '这款T恤采用结构化材料，柔软舒适，不会粘在皮肤上，让您保持凉爽。非常适合所有健身运动和日常跑步。', '30026_main.png', 99.90, 1, 200, NOW()),
(30027, 30004, 'KIPRUN 男士跑步透气快干防晒T恤 ANTI-UV 500', '这款T恤采用结构化材料，柔软舒适，不会粘在皮肤上，让您保持凉爽。非常适合所有健身运动和日常跑步。', '30027_main.png', 99.90, 1, 200, NOW()),
(30028, 30004, 'KIPRUN 男士跑步透气快干防晒T恤500系列', '这款T恤采用结构化材料，柔软舒适，不会粘在皮肤上，让您保持凉爽。非常适合所有健身运动和日常跑步。', '30028_main.png', 99.90, 1, 200, NOW()),
(30029, 30004, 'DOMYOS 男士有氧训练凉感印花T恤 - 蓝黑色', '这款集凉感科技、透气性能和轻便性能于一身的 T 恤，让你在夏季运动时倍感舒适，运动更自由。', '30029_main.png', 149.90, 1, 200, NOW()),
(30030, 30005, 'DOMYOS 男士有氧训练凉感印花T恤 - 锌灰色', '这款集凉感科技、透气性能和轻便性能于一身的 T 恤，让你在夏季运动时倍感舒适，运动更自由。', '30030_main.png', 149.90, 1, 200, NOW()),
(30031, 30005, 'DOMYOS 男士有氧训练凉感印花T恤 - 淡绿松石色', '这款集凉感科技、透气性能和轻便性能于一身的 T 恤，让你在夏季运动时倍感舒适，运动更自由。', '30031_main.png', 149.90, 1, 200, NOW()),
(30032, 30005, 'DOMYOS 男士有氧健身凉感T恤 - 珍珠灰色', '这款集凉感科技、透气性能和轻便性能于一身的 T 恤，让你在夏季运动时倍感舒适，运动更自由。', '30032_main.png', 149.90, 1, 200, NOW()),
(30033, 30005, 'DOMYOS 男士有氧训练凉感印花T恤  - 芥末黄色', '这款集凉感科技、透气性能和轻便性能于一身的 T 恤，让你在夏季运动时倍感舒适，运动更自由。', '30033_main.png', 149.90, 1, 200, NOW()),
(30034, 30005, 'QUECHUA 徒步速干T恤，NH500 深灰色', '棉与聚酯纤维混纺面料，质地柔软，同时有助于抑制异味、吸湿速干。', '30034_main.png', 89.90, 1, 200, NOW()),
(30035, 30005, 'QUECHUA 徒步速干T恤，NH500', '棉与聚酯纤维混纺面料，质地柔软，同时有助于抑制异味、吸湿速干。', '30035_main.png', 89.90, 1, 200, NOW()),
(40003, 40001, 'KIPRUN 男士跑步透气快干短裤DRY 500', '这款跑步短裤的后拉链口袋可以防止手机乱动。把钥匙放在单独的口袋里，以免损坏手机。', '40003_main.png', 79.90, 1, 200, NOW()),
(40004, 40001, 'KIPRUN 男士跑步透气快干短裤DRY 500', '这款跑步短裤的后拉链口袋可以防止手机乱动。把钥匙放在单独的口袋里，以免损坏手机。', '40004_main.png', 79.90, 1, 200, NOW()),
(40005, 40001, 'KIPRUN 男士跑步透气快干短裤DRY 500', '这款跑步短裤的后拉链口袋可以防止手机乱动。把钥匙放在单独的口袋里，以免损坏手机。', '40005_main.png', 79.90, 1, 200, NOW()),
(40006, 40001, 'KIPRUN 男士跑步快干短裤DRY 500', '这款跑步短裤的后拉链口袋可以防止手机乱动。把钥匙放在单独的口袋里，以免损坏手机。', '40006_main.png', 79.90, 1, 200, NOW()),
(40007, 40001, 'KIPRUN 男士跑步快干短裤DRY 500', '这款跑步短裤的后拉链口袋可以防止手机乱动。把钥匙放在单独的口袋里，以免损坏手机。', '40007_main.png', 79.90, 1, 200, NOW()),
(50003, 50001, 'TARMAK 成人正反两穿背心- 黑色/白色', '本款运动服专为篮球运动而设计. 这款透气的运动服可以在比赛时为您保持身体干爽, 正反两穿, 可以提供两种颜色选择!', '50003_main.png', 99.90, 1, 200, NOW()),
(50004, 50001, 'TARMAK 成人两面穿篮球服T500-深靛蓝色/白色', '本款运动服专为篮球运动而设计. 这款透气的运动服可以在比赛时为您保持身体干爽, 正反两穿, 可以提供两种颜色选择!', '50004_main.png', 79.90, 1, 200, NOW()),
(50005, 50001, 'KIPSTA 青少年篮球双面运动背心 T500R - 白色/蓝色', '本款背心专为篮球运动而设计. 正反两穿, 因此您可以选择自己喜欢的颜色，或者搭配团队的颜色! 透气面料制作，可以为您保持干爽.', '50005_main.png', 89.90, 1, 200, NOW()),
(50006, 50001, 'TARMAK 青少年篮球短裤SH500 - 蓝色', '本款短裤专为篮球运动而设计.  轻便和透气，使您在运动中保持干爽!', '50006_main.png', 59.90, 1, 200, NOW()),
(50007, 50001, 'TARMAK 青少年篮球T恤 FAST 500 - 蓝色', '本款T恤专为篮球运动打造。采用透气面料，质地轻盈柔软，可快速排汗.使您在运动中保持干爽!', '50007_main.png', 59.90, 1, 200, NOW()),
(60003, 60001, 'KUIKMA 轻量系列男士羽毛球T恤 灰羽蓝', '新一代轻盈面料，更轻12%。合成面料能快速挥发汗液，保持运动时身体干爽。剪裁贴合人体，弹性面料保证打球时的活动自如。', '60003_main.png', 99.90, 1, 200, NOW()),
(60004, 60001, 'KUIKMA 轻量系列男士羽毛球T恤 荧光蓝', '新一代轻盈面料，更轻12%。合成面料能快速挥发汗液，保持运动时身体干爽。剪裁贴合人体，弹性面料保证打球时的活动自如。', '60004_main.png', 99.90, 1, 200, NOW()),
(60005, 60001, 'KUIKMA 轻量系列男士羽毛球T恤560 晨曦蓝', '新一代轻盈面料，更轻12%。合成面料能快速挥发汗液，保持运动时身体干爽。剪裁贴合人体，弹性面料保证打球时的活动自如。', '60005_main.png', 99.90, 1, 200, NOW()),
(60006, 60001, 'KUIKMA 轻量系列男士羽毛球T恤 夜空黑', '新一代轻盈面料，更轻12%。合成面料能快速挥发汗液，保持运动时身体干爽。剪裁贴合人体，弹性面料保证打球时的活动自如。', '60006_main.png', 99.90, 1, 200, NOW()),
(60007, 60001, 'KUIKMA 轻量系列男士羽毛球T恤 湖水绿', '新一代轻盈面料，更轻12%。合成面料能快速挥发汗液，保持运动时身体干爽。剪裁贴合人体，弹性面料保证打球时的活动自如。', '60007_main.png', 99.90, 1, 200, NOW()),
(70003, 70001, 'QUECHUA 折叠式露营椅 - 蓝色', '舒适可压缩！可快速折叠，方便外出携带，而不会占用太多空间（75x15x15 厘米）。内置束带，方便携带。', '70003_main.png', 69.90, 1, 200, NOW()),
(70004, 70001, 'QUECHUA 折叠款露营装备运送车- 手推车', '我们的动机？可以轻松地将露营装备搬运到指定地点。这款推车可折叠存放，十分便携。', '70004_main.png', 399.90, 1, 200, NOW()),
(70005, 70001, 'QUECHUA 户外露营便携折叠躺椅仰山椅系列—兼顾舒适体验与收纳体积', '紧凑型收纳配备可移动头枕。坐直时可以移动枕头至腰部提供支撑，躺下时可以将枕头移动至头部。四档调节适配更多露营场景。强支撑的坐感让你用餐时更自在。', '70005_main.png', 299.90, 1, 200, NOW()),
(70006, 70001, 'QUECHUA 全地形露营手推车', '我们的动机？可以轻松地将露营装备搬运到指定地点。这款推车可折叠存放，十分便携。', '70006_main.png', 599.90, 1, 200, NOW()),
(70007, 70001, 'QUECHUA 露营信封式睡袋 10℃ 绿色', '我们的动机？提供易于打开的内置拉链睡袋。可转换为被子使用。可以拼接使用。5年质保', '70007_main.png', 169.90, 1, 200, NOW()),
(80003, 80001, 'WEDZE 滑雪护目镜G 500 I 全天候 黑色', '这款可换镜片滑雪镜，能根据天气更换镜片。 晴天、阴天均可使用。一副即可应对多种场景。成人与儿童都能佩戴，也支持搭配近视眼镜使用。', '80003_main.png', 399.90, 1, 200, NOW()),
(80004, 80001, 'WEDZE G500 I 全天气款亚洲版滑雪镜 儿童成人通用 大理石纹理配色', '这款可换镜片滑雪镜，能根据天气更换镜片。 晴天、阴天均可使用。一副即可应对多种场景。成人与儿童都能佩戴，也支持搭配近视眼镜使用。', '80004_main.png', 399.90, 1, 200, NOW()),
(80005, 80001, 'WEDZE 滑雪护目镜 G 500 I 全天候 粉色', '这款可换镜片滑雪镜，能根据天气更换镜片。 晴天、阴天均可使用。一副即可应对多种场景。成人与儿童都能佩戴，也支持搭配近视眼镜使用。', '80005_main.png', 399.90, 1, 200, NOW()),
(80006, 80001, 'WEDZE 雪橇', '这款滑雪橇可让随身携带，轻松享受第一次滑下雪道的体验。
', '80006_main.png', 49.90, 1, 200, NOW()),
(80007, 80001, 'WEDZE 儿童托盘雪橇 TRILUGIK', '适用于10岁以下儿童，刹车可以轻松操控和将雪橇停下来. 利用TRILUGIK 婴儿雪橇座椅，转换成一个带座椅的雪橇.', '80007_main.png', 299.90, 1, 200, NOW());

-- ==========================================
-- 5. 商品副图 (product_image)
-- 规则：{product_id}_{序号}.png
-- ==========================================
INSERT INTO product_image (product_id, url, sort, created_at) VALUES
(10001, '10001_1.png', 1, '2026-06-03 10:25:53'),
(10001, '10001_2.png', 2, '2026-06-03 10:25:53'),
(10002, '10002_1.png', 1, '2026-06-03 10:25:53'),
(10002, '10002_2.png', 2, '2026-06-03 10:25:53'),
(10003, '10003_1.png', 1, NOW()),
(10003, '10003_2.png', 2, NOW()),
(10004, '10004_1.png', 1, '2026-06-03 10:25:53'),
(10004, '10004_2.png', 2, '2026-06-03 10:25:53'),
(10005, '10005_1.png', 1, '2026-06-03 10:25:53'),
(10005, '10005_2.png', 2, '2026-06-03 10:25:53'),
(10006, '10006_1.png', 1, '2026-06-03 10:25:53'),
(10006, '10006_2.png', 2, '2026-06-03 10:25:53'),
(10006, '10006_3.png', 3, '2026-06-03 10:25:53');

INSERT INTO product_image (product_id, url, sort, created_at) VALUES
(30001, '30001_1.png', 1, '2026-06-03 18:24:53'),
(30001, '30001_2.png', 2, '2026-06-03 18:24:53'),
(30001, '30001_3.png', 3, '2026-06-03 18:24:53'),
(30002, '30002_1.png', 1, '2026-06-03 18:24:53'),
(30002, '30002_2.png', 2, '2026-06-03 18:24:53'),
(30002, '30002_3.png', 3, '2026-06-03 18:24:53'),
(30003, '30003_1.png', 1, '2026-06-03 18:24:53'),
(30003, '30003_2.png', 2, '2026-06-03 18:24:53'),
(30003, '30003_3.png', 3, '2026-06-03 18:24:53'),
(30004, '30004_1.png', 1, '2026-06-03 18:24:53'),
(30004, '30004_2.png', 2, '2026-06-03 18:24:53'),
(30004, '30004_3.png', 3, '2026-06-03 18:24:53'),
(30005, '30005_1.png', 1, '2026-06-03 18:24:53'),
(30005, '30005_2.png', 2, '2026-06-03 18:24:53'),
(30005, '30005_3.png', 3, '2026-06-03 18:24:53');

INSERT INTO product_image (product_id, url, sort, created_at) VALUES
(40001, '40001_1.png', 1, NOW()),
(40001, '40001_2.png', 2, NOW()),
(40002, '40002_1.png', 1, NOW()),
(40002, '40002_2.png', 2, NOW()),
(50001, '50001_1.png', 1, NOW()),
(50001, '50001_2.png', 2, NOW()),
(50002, '50002_1.png', 1, NOW()),
(50002, '50002_2.png', 2, NOW()),
(60001, '60001_1.png', 1, NOW()),
(60001, '60001_2.png', 2, NOW()),
(60002, '60002_1.png', 1, NOW()),
(60002, '60002_2.png', 2, NOW()),
(70001, '70001_1.png', 1, NOW()),
(70001, '70001_2.png', 2, NOW()),
(70002, '70002_1.png', 1, NOW()),
(70002, '70002_2.png', 2, NOW()),
(80001, '80001_1.png', 1, NOW()),
(80001, '80001_2.png', 2, NOW()),
(80002, '80002_1.png', 1, NOW()),
(80002, '80002_2.png', 2, NOW()),
(10021, '10021_1.png', 1, NOW()),
(10021, '10021_2.png', 2, NOW()),
(10021, '10021_3.png', 3, NOW()),
(10022, '10022_1.png', 1, NOW()),
(10022, '10022_2.png', 2, NOW()),
(10022, '10022_3.png', 3, NOW()),
(10023, '10023_3.png', 1, NOW()),
(10024, '10024_1.png', 1, NOW()),
(10024, '10024_2.png', 2, NOW()),
(10024, '10024_3.png', 3, NOW()),
(10025, '10025_1.png', 1, NOW()),
(10025, '10025_2.png', 2, NOW()),
(10025, '10025_3.png', 3, NOW()),
(10026, '10026_1.png', 1, NOW()),
(10026, '10026_2.png', 2, NOW()),
(10026, '10026_3.png', 3, NOW()),
(10027, '10027_1.png', 1, NOW()),
(10027, '10027_2.png', 2, NOW()),
(10027, '10027_3.png', 3, NOW()),
(10028, '10028_1.png', 1, NOW()),
(10028, '10028_2.png', 2, NOW()),
(10028, '10028_3.png', 3, NOW()),
(10029, '10029_1.png', 1, NOW()),
(10029, '10029_2.png', 2, NOW()),
(10029, '10029_3.png', 3, NOW()),
(10030, '10030_1.png', 1, NOW()),
(10030, '10030_2.png', 2, NOW()),
(10030, '10030_3.png', 3, NOW()),
(10031, '10031_1.png', 1, NOW()),
(10031, '10031_2.png', 2, NOW()),
(10031, '10031_3.png', 3, NOW()),
(10032, '10032_1.png', 1, NOW()),
(10032, '10032_2.png', 2, NOW()),
(10032, '10032_3.png', 3, NOW()),
(10033, '10033_1.png', 1, NOW()),
(10033, '10033_2.png', 2, NOW()),
(10033, '10033_3.png', 3, NOW()),
(10034, '10034_1.png', 1, NOW()),
(10034, '10034_2.png', 2, NOW()),
(10034, '10034_3.png', 3, NOW()),
(10035, '10035_1.png', 1, NOW()),
(10035, '10035_2.png', 2, NOW()),
(10035, '10035_3.png', 3, NOW()),
(10036, '10036_1.png', 1, NOW()),
(10036, '10036_2.png', 2, NOW()),
(10036, '10036_3.png', 3, NOW()),
(10037, '10037_1.png', 1, NOW()),
(10037, '10037_2.png', 2, NOW()),
(10037, '10037_3.png', 3, NOW()),
(10038, '10038_1.png', 1, NOW()),
(10038, '10038_2.png', 2, NOW()),
(10038, '10038_3.png', 3, NOW()),
(10039, '10039_1.png', 1, NOW()),
(10039, '10039_2.png', 2, NOW()),
(10039, '10039_3.png', 3, NOW()),
(10040, '10040_1.png', 1, NOW()),
(10040, '10040_2.png', 2, NOW()),
(10040, '10040_3.png', 3, NOW()),
(10041, '10041_1.png', 1, NOW()),
(10041, '10041_2.png', 2, NOW()),
(10041, '10041_3.png', 3, NOW()),
(10042, '10042_1.png', 1, NOW()),
(10042, '10042_2.png', 2, NOW()),
(10042, '10042_3.png', 3, NOW()),
(10043, '10043_1.png', 1, NOW()),
(10043, '10043_2.png', 2, NOW()),
(10043, '10043_3.png', 3, NOW()),
(10044, '10044_1.png', 1, NOW()),
(10044, '10044_2.png', 2, NOW()),
(10044, '10044_3.png', 3, NOW()),
(10045, '10045_1.png', 1, NOW()),
(10045, '10045_2.png', 2, NOW()),
(10045, '10045_3.png', 3, NOW()),
(10046, '10046_1.png', 1, NOW()),
(10046, '10046_2.png', 2, NOW()),
(10046, '10046_3.png', 3, NOW()),
(10047, '10047_1.png', 1, NOW()),
(10047, '10047_2.png', 2, NOW()),
(10047, '10047_3.png', 3, NOW()),
(10048, '10048_1.png', 1, NOW()),
(10048, '10048_2.png', 2, NOW()),
(10048, '10048_3.png', 3, NOW()),
(10049, '10049_1.png', 1, NOW()),
(10049, '10049_2.png', 2, NOW()),
(10049, '10049_3.png', 3, NOW()),
(10050, '10050_1.png', 1, NOW()),
(10050, '10050_2.png', 2, NOW()),
(10050, '10050_3.png', 3, NOW()),
(10051, '10051_1.png', 1, NOW()),
(10051, '10051_2.png', 2, NOW()),
(10051, '10051_3.png', 3, NOW()),
(10052, '10052_1.png', 1, NOW()),
(10052, '10052_2.png', 2, NOW()),
(10052, '10052_3.png', 3, NOW()),
(10053, '10053_1.png', 1, NOW()),
(10053, '10053_2.png', 2, NOW()),
(10053, '10053_3.png', 3, NOW()),
(10054, '10054_1.png', 1, NOW()),
(10054, '10054_2.png', 2, NOW()),
(10054, '10054_3.png', 3, NOW()),
(10055, '10055_1.png', 1, NOW()),
(10055, '10055_2.png', 2, NOW()),
(10055, '10055_3.png', 3, NOW()),
(10056, '10056_1.png', 1, NOW()),
(10056, '10056_2.png', 2, NOW()),
(10056, '10056_3.png', 3, NOW()),
(30006, '30006_1.png', 1, NOW()),
(30006, '30006_2.png', 2, NOW()),
(30006, '30006_3.png', 3, NOW()),
(30007, '30007_1.png', 1, NOW()),
(30007, '30007_2.png', 2, NOW()),
(30007, '30007_3.png', 3, NOW()),
(30008, '30008_1.png', 1, NOW()),
(30008, '30008_2.png', 2, NOW()),
(30008, '30008_3.png', 3, NOW()),
(30009, '30009_1.png', 1, NOW()),
(30009, '30009_2.png', 2, NOW()),
(30009, '30009_3.png', 3, NOW()),
(30010, '30010_1.png', 1, NOW()),
(30010, '30010_2.png', 2, NOW()),
(30010, '30010_3.png', 3, NOW()),
(30011, '30011_1.png', 1, NOW()),
(30011, '30011_2.png', 2, NOW()),
(30011, '30011_3.png', 3, NOW()),
(30012, '30012_1.png', 1, NOW()),
(30012, '30012_2.png', 2, NOW()),
(30012, '30012_3.png', 3, NOW()),
(30013, '30013_1.png', 1, NOW()),
(30013, '30013_2.png', 2, NOW()),
(30013, '30013_3.png', 3, NOW()),
(30014, '30014_1.png', 1, NOW()),
(30014, '30014_2.png', 2, NOW()),
(30014, '30014_3.png', 3, NOW()),
(30015, '30015_1.png', 1, NOW()),
(30015, '30015_2.png', 2, NOW()),
(30015, '30015_3.png', 3, NOW()),
(30016, '30016_1.png', 1, NOW()),
(30016, '30016_2.png', 2, NOW()),
(30016, '30016_3.png', 3, NOW()),
(30017, '30017_1.png', 1, NOW()),
(30017, '30017_2.png', 2, NOW()),
(30017, '30017_3.png', 3, NOW()),
(30018, '30018_1.png', 1, NOW()),
(30018, '30018_2.png', 2, NOW()),
(30018, '30018_3.png', 3, NOW()),
(30019, '30019_1.png', 1, NOW()),
(30019, '30019_2.png', 2, NOW()),
(30019, '30019_3.png', 3, NOW()),
(30020, '30020_1.png', 1, NOW()),
(30020, '30020_2.png', 2, NOW()),
(30020, '30020_3.png', 3, NOW()),
(30021, '30021_1.png', 1, NOW()),
(30021, '30021_2.png', 2, NOW()),
(30021, '30021_3.png', 3, NOW()),
(30022, '30022_1.png', 1, NOW()),
(30022, '30022_2.png', 2, NOW()),
(30022, '30022_3.png', 3, NOW()),
(30023, '30023_1.png', 1, NOW()),
(30023, '30023_2.png', 2, NOW()),
(30023, '30023_3.png', 3, NOW()),
(30024, '30024_1.png', 1, NOW()),
(30024, '30024_2.png', 2, NOW()),
(30024, '30024_3.png', 3, NOW()),
(30025, '30025_1.png', 1, NOW()),
(30025, '30025_2.png', 2, NOW()),
(30025, '30025_3.png', 3, NOW()),
(30026, '30026_1.png', 1, NOW()),
(30026, '30026_2.png', 2, NOW()),
(30026, '30026_3.png', 3, NOW()),
(30027, '30027_1.png', 1, NOW()),
(30027, '30027_2.png', 2, NOW()),
(30027, '30027_3.png', 3, NOW()),
(30028, '30028_1.png', 1, NOW()),
(30028, '30028_2.png', 2, NOW()),
(30028, '30028_3.png', 3, NOW()),
(30029, '30029_1.png', 1, NOW()),
(30029, '30029_2.png', 2, NOW()),
(30029, '30029_3.png', 3, NOW()),
(30030, '30030_1.png', 1, NOW()),
(30030, '30030_2.png', 2, NOW()),
(30030, '30030_3.png', 3, NOW()),
(30031, '30031_1.png', 1, NOW()),
(30031, '30031_2.png', 2, NOW()),
(30031, '30031_3.png', 3, NOW()),
(30032, '30032_1.png', 1, NOW()),
(30032, '30032_2.png', 2, NOW()),
(30032, '30032_3.png', 3, NOW()),
(30033, '30033_1.png', 1, NOW()),
(30033, '30033_2.png', 2, NOW()),
(30033, '30033_3.png', 3, NOW()),
(30034, '30034_1.png', 1, NOW()),
(30034, '30034_2.png', 2, NOW()),
(30034, '30034_3.png', 3, NOW()),
(30035, '30035_1.png', 1, NOW()),
(30035, '30035_2.png', 2, NOW()),
(30035, '30035_3.png', 3, NOW()),
(40003, '40003_1.png', 1, NOW()),
(40003, '40003_2.png', 2, NOW()),
(40003, '40003_3.png', 3, NOW()),
(40004, '40004_1.png', 1, NOW()),
(40004, '40004_2.png', 2, NOW()),
(40004, '40004_3.png', 3, NOW()),
(40005, '40005_1.png', 1, NOW()),
(40005, '40005_2.png', 2, NOW()),
(40005, '40005_3.png', 3, NOW()),
(40006, '40006_1.png', 1, NOW()),
(40006, '40006_2.png', 2, NOW()),
(40006, '40006_3.png', 3, NOW()),
(40007, '40007_1.png', 1, NOW()),
(40007, '40007_2.png', 2, NOW()),
(40007, '40007_3.png', 3, NOW()),
(50003, '50003_1.png', 1, NOW()),
(50003, '50003_2.png', 2, NOW()),
(50003, '50003_3.png', 3, NOW()),
(50004, '50004_1.png', 1, NOW()),
(50004, '50004_2.png', 2, NOW()),
(50004, '50004_3.png', 3, NOW()),
(50005, '50005_1.png', 1, NOW()),
(50005, '50005_2.png', 2, NOW()),
(50005, '50005_3.png', 3, NOW()),
(50006, '50006_1.png', 1, NOW()),
(50006, '50006_2.png', 2, NOW()),
(50006, '50006_3.png', 3, NOW()),
(50007, '50007_1.png', 1, NOW()),
(50007, '50007_2.png', 2, NOW()),
(50007, '50007_3.png', 3, NOW()),
(60003, '60003_1.png', 1, NOW()),
(60003, '60003_2.png', 2, NOW()),
(60003, '60003_3.png', 3, NOW()),
(60004, '60004_1.png', 1, NOW()),
(60004, '60004_2.png', 2, NOW()),
(60004, '60004_3.png', 3, NOW()),
(60005, '60005_1.png', 1, NOW()),
(60005, '60005_2.png', 2, NOW()),
(60005, '60005_3.png', 3, NOW()),
(60006, '60006_1.png', 1, NOW()),
(60006, '60006_2.png', 2, NOW()),
(60006, '60006_3.png', 3, NOW()),
(60007, '60007_1.png', 1, NOW()),
(60007, '60007_2.png', 2, NOW()),
(60007, '60007_3.png', 3, NOW()),
(70003, '70003_1.png', 1, NOW()),
(70003, '70003_2.png', 2, NOW()),
(70003, '70003_3.png', 3, NOW()),
(70004, '70004_1.png', 1, NOW()),
(70004, '70004_2.png', 2, NOW()),
(70004, '70004_3.png', 3, NOW()),
(70005, '70005_1.png', 1, NOW()),
(70005, '70005_2.png', 2, NOW()),
(70005, '70005_3.png', 3, NOW()),
(70006, '70006_1.png', 1, NOW()),
(70006, '70006_2.png', 2, NOW()),
(70006, '70006_3.png', 3, NOW()),
(70007, '70007_1.png', 1, NOW()),
(70007, '70007_2.png', 2, NOW()),
(70007, '70007_3.png', 3, NOW()),
(80003, '80003_1.png', 1, NOW()),
(80003, '80003_2.png', 2, NOW()),
(80003, '80003_3.png', 3, NOW()),
(80004, '80004_1.png', 1, NOW()),
(80004, '80004_2.png', 2, NOW()),
(80004, '80004_3.png', 3, NOW()),
(80005, '80005_1.png', 1, NOW()),
(80005, '80005_2.png', 2, NOW()),
(80005, '80005_3.png', 3, NOW()),
(80006, '80006_1.png', 1, NOW()),
(80006, '80006_2.png', 2, NOW()),
(80006, '80006_3.png', 3, NOW()),
(80007, '80007_1.png', 1, NOW()),
(80007, '80007_2.png', 2, NOW()),
(80007, '80007_3.png', 3, NOW());

-- ==========================================
-- 6. 商品 SKU (product_sku)
-- ==========================================
INSERT INTO product_sku (product_id, sku_name, price, stock, sku_code, created_at) VALUES
(10001, '黑白基础色-42码', 599.00, 100, 'NK-AP39-BLK-42', '2026-06-03 10:25:53'),
(10001, '黑白基础色-43码', 599.00, 80, 'NK-AP39-BLK-43', '2026-06-03 10:25:53'),
(10002, '云雾白-42.5码', 899.00, 50, 'ARSW034-1', '2026-06-03 10:25:53'),
(10002, '浮水绿-42.5码', 899.00, 50, 'ARSW034-10', '2026-06-03 10:25:53'),
(10004, '朱砂红-42码', 799.00, 50, 'AYZU021-1', '2026-06-03 10:25:53'),
(10005, '水晶灰-42码', 420.00, 50, 'AHTW007-7', '2026-06-03 10:25:53'),
(10005, '曜石灰/素卡其-41码', 420.00, 50, 'AYZU021-2', '2026-06-03 10:25:53'),
(10006, '荧光果粉-41码', 600.00, 50, 'APPU023-8', '2026-06-03 10:25:53'),
(10006, '月白蓝-42码', 600.00, 50, 'APPU023-7', '2026-06-03 10:25:53'),
(10006, '鲜蓝色-42码', 600.00, 50, 'APPU023-1', '2026-06-03 10:25:53'),
(10003, '款式1', 549.90, 50, '5456527', NOW()),
(10003, '款式2', 549.90, 50, '5456522', NOW()),
(10003, '款式3', 549.90, 50, '5456528', NOW());

INSERT INTO product_sku (product_id, sku_name, price, stock, sku_code, created_at) VALUES
(30001, 'S [短款]170/88A', 149.90, 200, 'FIT-T-S-170', '2026-06-03 18:25:53'),
(30001, 'M [短款]175/96A', 149.90, 300, 'FIT-T-M-175', '2026-06-03 18:25:53'),
(30002, 'S - 170/88A', 69.90, 100, 'RUN-T-S-170', '2026-06-03 18:25:53'),
(30002, 'M - 175/92A', 69.90, 100, 'RUN-T-M-175', '2026-06-03 18:25:53'),
(30003, 'S-M - 180/78A', 69.90, 200, 'SWIM-SM-180', '2026-06-03 18:25:53'),
(30004, 'M', 249.90, 150, 'HELMET-M', '2026-06-03 18:25:53'),
(30004, 'L', 249.90, 150, 'HELMET-L', '2026-06-03 18:25:53'),
(30005, '均码', 79.90, 300, 'HAT-ONE', '2026-06-03 18:25:53'),
(40001, '款式1', 79.90, 50, '4579641', NOW()),
(40001, '款式2', 79.90, 50, '4579637', NOW()),
(40002, '款式1', 79.90, 50, '5670697', NOW()),
(40002, '款式2', 79.90, 50, '5670696', NOW()),
(50001, '黑白-均码', 169.90, 50, 'BT500X-1', NOW()),
(50001, '黑色/金色-均码', 169.90, 50, 'BT500X-2', NOW()),
(50002, '烟熏黑-S', 149.90, 50, 'APPU500-1', NOW()),
(50002, '暗夜紫-X/L', 149.90, 50, 'APPU500-2', NOW()),
(60001, '水晶紫-均码', 199.90, 50, 'APUX560-1', NOW()),
(60001, '春樱粉-均码', 199.90, 50, 'APUX560-2', NOW()),
(60002, '亮鹅黄-S/M', 99.90, 50, 'AHTW454S-1', NOW()),
(60002, '青莲紫-S/M', 99.90, 50, 'AHTW454S-2', NOW()),
(70001, '款式1', 69.90, 50, '5553098', NOW()),
(70002, '款式1', 399.90, 50, '5133573', NOW()),
(80001, '款式1', 399.90, 50, '2422502', NOW()),
(80001, '款式2', 399.90, 50, '2422503', NOW()),
(80002, '款式1', 399.90, 50, '4785996', NOW()),
(80002, '款式2', 399.90, 50, '4785997', NOW()),
(10021, '蓝色-39码', 249.90, 50, '5589538', NOW()),
(10021, '蓝色-40码', 249.90, 50, '5589535', NOW()),
(10021, '蓝色-41码', 249.90, 50, '5589536', NOW()),
(10022, '灰色绿色-39码', 249.90, 50, '5589546', NOW()),
(10022, '灰色绿色-40码', 249.90, 50, '5589540', NOW()),
(10022, '灰色绿色-41码', 249.90, 50, '5589545', NOW()),
(10023, '黑色-39码', 129.90, 50, '4395231', NOW()),
(10023, '黑色-40码', 129.90, 50, '4395235', NOW()),
(10023, '黑色-41码', 129.90, 50, '4395236', NOW()),
(10024, '雪白/烟熏黑-39码', 129.90, 50, '5057787', NOW()),
(10024, '雪白/烟熏黑-40码', 129.90, 50, '5057789', NOW()),
(10024, '雪白/烟熏黑-41码', 129.90, 50, '5057786', NOW()),
(10025, '金色-39码', 399.90, 50, '5875055', NOW()),
(10025, '金色-40码', 399.90, 50, '5875060', NOW()),
(10025, '金色-41码', 399.90, 50, '5875058', NOW()),
(10026, '护踝 左脚右脚皆适用-39码', 79.90, 50, '5514159', NOW()),
(10026, '护踝 左脚右脚皆适用-40码', 79.90, 50, '5514162', NOW()),
(10026, '护踝 左脚右脚皆适用-41码', 79.90, 50, '5514161', NOW()),
(10027, '男士防水徒步鞋，MH100 灰色-39码', 349.90, 50, '2467918', NOW()),
(10027, '男士防水徒步鞋，MH100 灰色-40码', 349.90, 50, '2467912', NOW()),
(10027, '男士防水徒步鞋，MH100 灰色-41码', 349.90, 50, '2467913', NOW()),
(10028, '男士防水徒步鞋，MH100 蓝绿色-39码', 349.90, 50, '2467873', NOW()),
(10028, '男士防水徒步鞋，MH100 蓝绿色-40码', 349.90, 50, '2467878', NOW()),
(10028, '男士防水徒步鞋，MH100 蓝绿色-41码', 349.90, 50, '2467877', NOW()),
(10029, 'MH500 男士防水徒步鞋 -39码', 449.90, 50, '5056601', NOW()),
(10029, 'MH500 男士防水徒步鞋 -40码', 449.90, 50, '5056603', NOW()),
(10029, 'MH500 男士防水徒步鞋 -41码', 449.90, 50, '5056595', NOW()),
(10030, '男士高帮防水徒步鞋，MH500 棕色-39码', 599.90, 50, '5456598', NOW()),
(10030, '男士高帮防水徒步鞋，MH500 棕色-40码', 599.90, 50, '5456601', NOW()),
(10030, '男士高帮防水徒步鞋，MH500 棕色-41码', 599.90, 50, '5456603', NOW()),
(10031, '男士高帮防水徒步鞋，MH500 蓝色/黑色-39码', 599.90, 50, '5456630', NOW()),
(10031, '男士高帮防水徒步鞋，MH500 蓝色/黑色-40码', 599.90, 50, '5456629', NOW()),
(10031, '男士高帮防水徒步鞋，MH500 蓝色/黑色-41码', 599.90, 50, '5456632', NOW()),
(10032, '黑色-39码', 399.90, 50, '2728611', NOW()),
(10032, '黑色-40码', 399.90, 50, '2728605', NOW()),
(10032, '黑色-41码', 399.90, 50, '2728608', NOW()),
(10033, '紫黑色-39码', 179.90, 50, '4794964', NOW()),
(10033, '紫黑色-40码', 179.90, 50, '4794955', NOW()),
(10033, '紫黑色-41码', 179.90, 50, '4794958', NOW()),
(10034, '粉白色-39码', 179.90, 50, '4794994', NOW()),
(10034, '粉白色-40码', 179.90, 50, '4794995', NOW()),
(10034, '粉白色-41码', 179.90, 50, '4794993', NOW()),
(10035, '儿童透气运动鞋 Playful Summer 紫色-39码', 179.90, 50, '5768496', NOW()),
(10035, '儿童透气运动鞋 Playful Summer 紫色-40码', 179.90, 50, '5768500', NOW()),
(10035, '儿童透气运动鞋 Playful Summer 紫色-41码', 179.90, 50, '5768501', NOW()),
(10036, '儿童透气运动鞋 Playful Summer 卡其色-39码', 179.90, 50, '5768526', NOW()),
(10036, '儿童透气运动鞋 Playful Summer 卡其色-40码', 179.90, 50, '5768523', NOW()),
(10036, '儿童透气运动鞋 Playful Summer 卡其色-41码', 179.90, 50, '5768522', NOW()),
(10037, '蓝黄色-39码', 179.90, 50, '5037925', NOW()),
(10037, '蓝黄色-40码', 179.90, 50, '5037926', NOW()),
(10037, '蓝黄色-41码', 179.90, 50, '5037927', NOW()),
(10038, ' 男士碳板专业马拉松竞训跑鞋CHALLENGER 2-39码', 499.90, 50, '5651680', NOW()),
(10038, ' 男士碳板专业马拉松竞训跑鞋CHALLENGER 2-40码', 499.90, 50, '5653346', NOW()),
(10038, ' 男士碳板专业马拉松竞训跑鞋CHALLENGER 2-41码', 499.90, 50, '5640425', NOW()),
(10039, '女式徒步鞋 NH150 Fresh-39码', 299.90, 50, '4050090', NOW()),
(10039, '女式徒步鞋 NH150 Fresh-40码', 299.90, 50, '4050093', NOW()),
(10039, '女式徒步鞋 NH150 Fresh-41码', 299.90, 50, '4050092', NOW()),
(10040, '男士低帮防水徒步鞋，MH500 黑色-39码', 549.90, 50, '5456527', NOW()),
(10040, '男士低帮防水徒步鞋，MH500 黑色-40码', 549.90, 50, '5456522', NOW()),
(10040, '男士低帮防水徒步鞋，MH500 黑色-41码', 549.90, 50, '5456528', NOW()),
(10041, '男士防水低帮徒步鞋，MH500 灰色-39码', 549.90, 50, '5456544', NOW()),
(10041, '男士防水低帮徒步鞋，MH500 灰色-40码', 549.90, 50, '5456547', NOW()),
(10041, '男士防水低帮徒步鞋，MH500 灰色-41码', 549.90, 50, '5456545', NOW()),
(10042, '女士防水高帮徒步鞋，MH500 灰色-39码', 599.90, 50, '5456654', NOW()),
(10042, '女士防水高帮徒步鞋，MH500 灰色-40码', 599.90, 50, '5456657', NOW()),
(10042, '女士防水高帮徒步鞋，MH500 灰色-41码', 599.90, 50, '5456655', NOW()),
(10043, '女士防水缓震山地徒步鞋，MH500 米色-39码', 599.90, 50, '5456676', NOW()),
(10043, '女士防水缓震山地徒步鞋，MH500 米色-40码', 599.90, 50, '5456677', NOW()),
(10043, '女士防水缓震山地徒步鞋，MH500 米色-41码', 599.90, 50, '5456679', NOW()),
(10044, '女士防水缓震山地徒步鞋，MH500 棕色-39码', 599.90, 50, '5456648', NOW()),
(10044, '女士防水缓震山地徒步鞋，MH500 棕色-40码', 599.90, 50, '5456651', NOW()),
(10044, '女士防水缓震山地徒步鞋，MH500 棕色-41码', 599.90, 50, '5456647', NOW()),
(10045, '轻量系列青少年羽毛球鞋560HABU​​​​ 海军蓝-39码', 299.90, 50, '5487833', NOW()),
(10045, '轻量系列青少年羽毛球鞋560HABU​​​​ 海军蓝-40码', 299.90, 50, '5829512', NOW()),
(10045, '轻量系列青少年羽毛球鞋560HABU​​​​ 海军蓝-41码', 299.90, 50, '5829513', NOW()),
(10046, '轻量系列青少年羽毛球鞋560HABU​款 魔力白-39码', 299.90, 50, '5184111', NOW()),
(10046, '轻量系列青少年羽毛球鞋560HABU​款 魔力白-40码', 299.90, 50, '5185073', NOW()),
(10046, '轻量系列青少年羽毛球鞋560HABU​款 魔力白-41码', 299.90, 50, '5185075', NOW()),
(10047, '轻量系列青少年羽毛球鞋560HABU​​​​ 糖果粉-39码', 299.90, 50, '5829517', NOW()),
(10047, '轻量系列青少年羽毛球鞋560HABU​​​​ 糖果粉-40码', 299.90, 50, '5829519', NOW()),
(10047, '轻量系列青少年羽毛球鞋560HABU​​​​ 糖果粉-41码', 299.90, 50, '5418829', NOW()),
(10048, '轻量系列女士羽毛球鞋560 淡荷紫-39码', 279.90, 50, '5135567', NOW()),
(10048, '轻量系列女士羽毛球鞋560 淡荷紫-40码', 279.90, 50, '5135563', NOW()),
(10048, '轻量系列女士羽毛球鞋560 淡荷紫-41码', 279.90, 50, '5135562', NOW()),
(10049, '动能系列女士羽毛球鞋590 彩虹粉-39码', 399.90, 50, '5774150', NOW()),
(10049, '动能系列女士羽毛球鞋590 彩虹粉-40码', 399.90, 50, '5774149', NOW()),
(10049, '动能系列女士羽毛球鞋590 彩虹粉-41码', 399.90, 50, '5774148', NOW()),
(10050, '动能系列男士羽毛球鞋590 象牙白-39码', 399.90, 50, '5487228', NOW()),
(10050, '动能系列男士羽毛球鞋590 象牙白-40码', 399.90, 50, '5487230', NOW()),
(10050, '动能系列男士羽毛球鞋590 象牙白-41码', 399.90, 50, '5494384', NOW()),
(10051, '白色/蓝色-39码', 299.90, 50, '5795557', NOW()),
(10051, '白色/蓝色-40码', 299.90, 50, '5795556', NOW()),
(10051, '白色/蓝色-41码', 299.90, 50, '5795551', NOW()),
(10052, '白色/粉色-39码', 299.90, 50, '5795559', NOW()),
(10052, '白色/粉色-40码', 299.90, 50, '5795560', NOW()),
(10052, '白色/粉色-41码', 299.90, 50, '5795563', NOW()),
(10053, '蓝白-39码', 299.90, 50, '4265903', NOW()),
(10053, '蓝白-40码', 299.90, 50, '4265905', NOW()),
(10053, '蓝白-41码', 299.90, 50, '4265906', NOW()),
(10054, '黑色／白色-39码', 299.90, 50, '4512972', NOW()),
(10054, '黑色／白色-40码', 299.90, 50, '4512977', NOW()),
(10054, '黑色／白色-41码', 299.90, 50, '4512971', NOW()),
(10055, '白色/银色-39码', 199.90, 50, '4219239', NOW()),
(10055, '白色/银色-40码', 199.90, 50, '4219236', NOW()),
(10055, '白色/银色-41码', 199.90, 50, '4219233', NOW()),
(10056, '白色/蓝色-39码', 199.90, 50, '4512858', NOW()),
(10056, '白色/蓝色-40码', 199.90, 50, '4512863', NOW()),
(10056, '白色/蓝色-41码', 199.90, 50, '4512860', NOW()),
(30006, '男士跑步透气快干T恤100系列-S', 39.90, 50, '2501396', NOW()),
(30006, '男士跑步透气快干T恤100系列-M', 39.90, 50, '2501395', NOW()),
(30006, '男士跑步透气快干T恤100系列-L', 39.90, 50, '2501393', NOW()),
(30007, '男士跑步透气快干T恤100系列-S', 39.90, 50, '2501427', NOW()),
(30007, '男士跑步透气快干T恤100系列-M', 39.90, 50, '2501430', NOW()),
(30007, '男士跑步透气快干T恤100系列-L', 39.90, 50, '2501428', NOW()),
(30008, 'KIPRUN男士跑步透气快干T恤100系列-S', 39.90, 50, '4681378', NOW()),
(30008, 'KIPRUN男士跑步透气快干T恤100系列-M', 39.90, 50, '4681382', NOW()),
(30008, 'KIPRUN男士跑步透气快干T恤100系列-L', 39.90, 50, '4681377', NOW()),
(30009, '男士跑步透气快干T恤100系列-S', 39.90, 50, '4154188', NOW()),
(30009, '男士跑步透气快干T恤100系列-M', 39.90, 50, '4154191', NOW()),
(30009, '男士跑步透气快干T恤100系列-L', 39.90, 50, '4154186', NOW()),
(30010, '蓝色-S', 39.90, 50, '4391377', NOW()),
(30010, '蓝色-M', 39.90, 50, '4391373', NOW()),
(30010, '蓝色-L', 39.90, 50, '4391374', NOW()),
(30011, '男士跑步透气快干T恤100系列-S', 39.90, 50, '5004508', NOW()),
(30011, '男士跑步透气快干T恤100系列-M', 39.90, 50, '5004511', NOW()),
(30011, '男士跑步透气快干T恤100系列-L', 39.90, 50, '5004507', NOW()),
(30012, '男士户外徒步长袖防晒 T 恤 MH500-S', 249.90, 50, '4313132', NOW()),
(30012, '男士户外徒步长袖防晒 T 恤 MH500-M', 249.90, 50, '4313137', NOW()),
(30012, '男士户外徒步长袖防晒 T 恤 MH500-L', 249.90, 50, '4313133', NOW()),
(30013, '男式长袖徒步防晒 TT恤，MH500-S', 199.90, 50, '5184960', NOW()),
(30013, '男式长袖徒步防晒 TT恤，MH500-M', 199.90, 50, '5184959', NOW()),
(30013, '男式长袖徒步防晒 TT恤，MH500-L', 199.90, 50, '5184962', NOW()),
(30014, '锌灰色-S', 149.90, 50, '5431336', NOW()),
(30014, '锌灰色-M', 149.90, 50, '5431335', NOW()),
(30014, '锌灰色-L', 149.90, 50, '5431337', NOW()),
(30015, '石墨灰色-S', 149.90, 50, '5431323', NOW()),
(30015, '石墨灰色-M', 149.90, 50, '5431320', NOW()),
(30015, '石墨灰色-L', 149.90, 50, '5431322', NOW()),
(30016, '深酒红色-S', 149.90, 50, '5701576', NOW()),
(30016, '深酒红色-M', 149.90, 50, '5701575', NOW()),
(30016, '深酒红色-L', 149.90, 50, '5701570', NOW()),
(30017, '男士跑步快干透气T恤 500系列-S', 69.90, 50, '5216568', NOW()),
(30017, '男士跑步快干透气T恤 500系列-M', 69.90, 50, '5216569', NOW()),
(30017, '男士跑步快干透气T恤 500系列-L', 69.90, 50, '5216566', NOW()),
(30018, '男士跑步快干透气T恤 500系列-S', 69.90, 50, '5216573', NOW()),
(30018, '男士跑步快干透气T恤 500系列-M', 69.90, 50, '5216576', NOW()),
(30018, '男士跑步快干透气T恤 500系列-L', 69.90, 50, '5216574', NOW()),
(30019, '暗纹蓝-S', 69.90, 50, '5216595', NOW()),
(30019, '暗纹蓝-M', 69.90, 50, '5216594', NOW()),
(30019, '暗纹蓝-L', 69.90, 50, '5216598', NOW()),
(30020, '男士跑步凉感快干T恤RUN DRY 500-S', 69.90, 50, '5744553', NOW()),
(30020, '男士跑步凉感快干T恤RUN DRY 500-M', 69.90, 50, '5744550', NOW()),
(30020, '男士跑步凉感快干T恤RUN DRY 500-L', 69.90, 50, '5744549', NOW()),
(30021, '男士跑步凉感快干T恤 DRY 500-S', 69.90, 50, '5744557', NOW()),
(30021, '男士跑步凉感快干T恤 DRY 500-M', 69.90, 50, '5744556', NOW()),
(30021, '男士跑步凉感快干T恤 DRY 500-L', 69.90, 50, '5736349', NOW()),
(30022, '男士跑步快干透气T恤 500系列-S', 69.90, 50, '5216554', NOW()),
(30022, '男士跑步快干透气T恤 500系列-M', 69.90, 50, '5216555', NOW()),
(30022, '男士跑步快干透气T恤 500系列-L', 69.90, 50, '5216553', NOW()),
(30023, '男士跑步透气快干防晒T恤500系列-S', 99.90, 50, '5524714', NOW()),
(30023, '男士跑步透气快干防晒T恤500系列-M', 99.90, 50, '5524716', NOW()),
(30023, '男士跑步透气快干防晒T恤500系列-L', 99.90, 50, '5524718', NOW()),
(30024, '男士跑步透气快干防晒T恤500系列 -S', 99.90, 50, '5524731', NOW()),
(30024, '男士跑步透气快干防晒T恤500系列 -M', 99.90, 50, '5524732', NOW()),
(30024, '男士跑步透气快干防晒T恤500系列 -L', 99.90, 50, '5524734', NOW()),
(30025, 'UV 500-S', 99.90, 50, '5736282', NOW()),
(30025, 'UV 500-M', 99.90, 50, '5736279', NOW()),
(30025, 'UV 500-L', 99.90, 50, '5736280', NOW()),
(30026, 'UV 500-S', 99.90, 50, '5524742', NOW()),
(30026, 'UV 500-M', 99.90, 50, '5524740', NOW()),
(30026, 'UV 500-L', 99.90, 50, '5524739', NOW()),
(30027, 'UV 500-S', 99.90, 50, '5736303', NOW()),
(30027, 'UV 500-M', 99.90, 50, '5736302', NOW()),
(30027, 'UV 500-L', 99.90, 50, '5736304', NOW()),
(30028, '男士跑步透气快干防晒T恤500系列 -S', 99.90, 50, '5593364', NOW()),
(30028, '男士跑步透气快干防晒T恤500系列 -M', 99.90, 50, '5593362', NOW()),
(30028, '男士跑步透气快干防晒T恤500系列 -L', 99.90, 50, '5593361', NOW()),
(30029, '蓝黑色-S', 149.90, 50, '5701113', NOW()),
(30029, '蓝黑色-M', 149.90, 50, '5701114', NOW()),
(30029, '蓝黑色-L', 149.90, 50, '5701116', NOW()),
(30030, '锌灰色-S', 149.90, 50, '5768459', NOW()),
(30030, '锌灰色-M', 149.90, 50, '5768457', NOW()),
(30030, '锌灰色-L', 149.90, 50, '5768458', NOW()),
(30031, '淡绿松石色-S', 149.90, 50, '5701303', NOW()),
(30031, '淡绿松石色-M', 149.90, 50, '5701306', NOW()),
(30031, '淡绿松石色-L', 149.90, 50, '5701304', NOW()),
(30032, '珍珠灰色-S', 149.90, 50, '5514587', NOW()),
(30032, '珍珠灰色-M', 149.90, 50, '5514585', NOW()),
(30032, '珍珠灰色-L', 149.90, 50, '5514586', NOW()),
(30033, '芥末黄色-S', 149.90, 50, '5430043', NOW()),
(30033, '芥末黄色-M', 149.90, 50, '5430045', NOW()),
(30033, '芥末黄色-L', 149.90, 50, '5430042', NOW()),
(30034, '徒步速干T恤，NH500 深灰色-S', 89.90, 50, '5705729', NOW()),
(30034, '徒步速干T恤，NH500 深灰色-M', 89.90, 50, '5705733', NOW()),
(30034, '徒步速干T恤，NH500 深灰色-L', 89.90, 50, '5705732', NOW()),
(30035, '徒步速干T恤，NH500-S', 89.90, 50, '5705750', NOW()),
(30035, '徒步速干T恤，NH500-M', 89.90, 50, '5705747', NOW()),
(30035, '徒步速干T恤，NH500-L', 89.90, 50, '5705748', NOW()),
(40003, '男士跑步透气快干短裤DRY 500-S', 79.90, 50, '4579641', NOW()),
(40003, '男士跑步透气快干短裤DRY 500-M', 79.90, 50, '4579637', NOW()),
(40003, '男士跑步透气快干短裤DRY 500-L', 79.90, 50, '4579639', NOW()),
(40004, '男士跑步透气快干短裤DRY 500-S', 79.90, 50, '5670697', NOW()),
(40004, '男士跑步透气快干短裤DRY 500-M', 79.90, 50, '5670696', NOW()),
(40004, '男士跑步透气快干短裤DRY 500-L', 79.90, 50, '5670699', NOW()),
(40005, '男士跑步透气快干短裤DRY 500-S', 79.90, 50, '4716848', NOW()),
(40005, '男士跑步透气快干短裤DRY 500-M', 79.90, 50, '4716847', NOW()),
(40005, '男士跑步透气快干短裤DRY 500-L', 79.90, 50, '4716849', NOW()),
(40006, '男士跑步快干短裤DRY 500-S', 79.90, 50, '5014259', NOW()),
(40006, '男士跑步快干短裤DRY 500-M', 79.90, 50, '5014257', NOW()),
(40006, '男士跑步快干短裤DRY 500-L', 79.90, 50, '5014260', NOW()),
(40007, '男士跑步快干短裤DRY 500-S', 79.90, 50, '5670666', NOW()),
(40007, '男士跑步快干短裤DRY 500-M', 79.90, 50, '5670668', NOW()),
(40007, '男士跑步快干短裤DRY 500-L', 79.90, 50, '5670669', NOW()),
(50003, '黑色/白色-S', 99.90, 50, '5563353', NOW()),
(50003, '黑色/白色-M', 99.90, 50, '5563351', NOW()),
(50003, '黑色/白色-L', 99.90, 50, '5563356', NOW()),
(50004, '深靛蓝色/白色-S', 79.90, 50, '5563348', NOW()),
(50004, '深靛蓝色/白色-M', 79.90, 50, '5563350', NOW()),
(50004, '深靛蓝色/白色-L', 79.90, 50, '5563347', NOW()),
(50005, '白色/蓝色-S', 89.90, 50, '4716353', NOW()),
(50005, '白色/蓝色-M', 89.90, 50, '4716351', NOW()),
(50005, '白色/蓝色-L', 89.90, 50, '4716356', NOW()),
(50006, '蓝色-S', 59.90, 50, '4716314', NOW()),
(50006, '蓝色-M', 59.90, 50, '4716316', NOW()),
(50006, '蓝色-L', 59.90, 50, '4716315', NOW()),
(50007, '蓝色-S', 59.90, 50, '5837744', NOW()),
(50007, '蓝色-M', 59.90, 50, '5837745', NOW()),
(50007, '蓝色-L', 59.90, 50, '5838460', NOW()),
(60003, '轻量系列男士羽毛球T恤 灰羽蓝-S', 99.90, 50, '5134163', NOW()),
(60003, '轻量系列男士羽毛球T恤 灰羽蓝-M', 99.90, 50, '5134162', NOW()),
(60003, '轻量系列男士羽毛球T恤 灰羽蓝-L', 99.90, 50, '5134165', NOW()),
(60004, '轻量系列男士羽毛球T恤 荧光蓝-S', 99.90, 50, '5684039', NOW()),
(60004, '轻量系列男士羽毛球T恤 荧光蓝-M', 99.90, 50, '5684120', NOW()),
(60004, '轻量系列男士羽毛球T恤 荧光蓝-L', 99.90, 50, '5681275', NOW()),
(60005, '轻量系列男士羽毛球T恤560 晨曦蓝-S', 99.90, 50, '5416311', NOW()),
(60005, '轻量系列男士羽毛球T恤560 晨曦蓝-M', 99.90, 50, '5416308', NOW()),
(60005, '轻量系列男士羽毛球T恤560 晨曦蓝-L', 99.90, 50, '5416309', NOW()),
(60006, '轻量系列男士羽毛球T恤 夜空黑-S', 99.90, 50, '5669611', NOW()),
(60006, '轻量系列男士羽毛球T恤 夜空黑-M', 99.90, 50, '5669609', NOW()),
(60006, '轻量系列男士羽毛球T恤 夜空黑-L', 99.90, 50, '5669610', NOW()),
(60007, '轻量系列男士羽毛球T恤 湖水绿-S', 99.90, 50, '5683087', NOW()),
(60007, '轻量系列男士羽毛球T恤 湖水绿-M', 99.90, 50, '5669615', NOW()),
(60007, '轻量系列男士羽毛球T恤 湖水绿-L', 99.90, 50, '5681346', NOW()),
(70003, '蓝色-S', 69.90, 50, '5553098', NOW()),
(70004, '手推车-S', 399.90, 50, '5133573', NOW()),
(70005, '户外露营便携折叠躺椅仰山椅系列—兼顾舒适体验与收纳体积-S', 299.90, 50, '5802207', NOW()),
(70006, '全地形露营手推车-S', 599.90, 50, '5117747', NOW()),
(70007, '露营信封式睡袋 10℃ 绿色-S', 169.90, 50, '5204936', NOW()),
(80003, '滑雪护目镜G 500 I 全天候 黑色-S', 399.90, 50, '2422502', NOW()),
(80003, '滑雪护目镜G 500 I 全天候 黑色-M', 399.90, 50, '2422503', NOW()),
(80004, 'G500 I 全天气款亚洲版滑雪镜 儿童成人通用 大理石纹理配色-S', 399.90, 50, '4785996', NOW()),
(80004, 'G500 I 全天气款亚洲版滑雪镜 儿童成人通用 大理石纹理配色-M', 399.90, 50, '4785997', NOW()),
(80005, '滑雪护目镜 G 500 I 全天候 粉色-S', 399.90, 50, '5063959', NOW()),
(80005, '滑雪护目镜 G 500 I 全天候 粉色-M', 399.90, 50, '5063960', NOW()),
(80006, '雪橇 -S', 49.90, 50, '4869740', NOW()),
(80007, '儿童托盘雪橇 TRILUGIK-S', 299.90, 50, '5105592', NOW());

-- ==========================================
-- 7. 购物车 (cart)
-- ==========================================
-- INSERT INTO cart (user_id, product_id, sku_id, quantity, checked, created_at) VALUES
-- (3, 10001, 1, 1, 1, NOW()),
-- (4, 10001, 1, 2, 0, NOW());

-- -- ==========================================
-- -- 8. 订单主表 (orders)
-- -- ==========================================
-- INSERT INTO orders (id, user_id, address_id, total_amount, pay_amount, status, created_at) VALUES
-- (1, 3, 1, 699.00, 699.00, 3, '2023-10-01 10:00:00'),
-- (2, 4, 3, 899.00, 899.00, 0, NOW()),
-- (3, 3, 2, 699.00, 699.00, 2, '2023-10-15 14:30:00');

-- -- ==========================================
-- -- 9. 订单详情快照表 (order_item)
-- -- ==========================================
-- INSERT INTO order_item (id, order_id, product_id, sku_id, product_name, sku_name, price, quantity, total_price, created_at) VALUES
-- (1, 1, 10001, 1, '吾适6女子透气清凉休闲慢跑鞋', '黑白基础色-42码', 699.00, 1, 699.00, '2023-10-01 10:00:00'),
-- (3, 2, 10002, 3, 'Adidas Trae Young 1 吹杨一代篮球鞋', '云雾白-42.5码', 899.00, 1, 899.00, NOW()),
-- (4, 3, 10001, 2, '吾适6女子透气清凉休闲慢跑鞋', '黑白基础色-43码', 699.00, 1, 699.00, '2023-10-15 14:30:00');

-- -- ==========================================
-- -- 10. 支付记录 (payment)
-- -- ==========================================
-- INSERT INTO payment (id, order_id, user_id, amount, payment_method, trade_no, status, created_at) VALUES
-- (1, 1, 3, 699.00, 2, 'ALIPAY202310018888999901', 1, '2023-10-01 10:05:00'),
-- (2, 3, 3, 699.00, 1, 'WXPAY202310156666777702', 1, '2023-10-15 14:32:00');

-- -- ==========================================
-- -- 11. 物流表 (order_shipping)
-- -- ==========================================
-- INSERT INTO order_shipping (id, order_id, courier_company, tracking_no, status, shipped_at, delivered_at) VALUES
-- (1, 1, '顺丰速运', 'SF1234567890123', '已签收', '2023-10-01 15:00:00', '2023-10-03 11:30:00'),
-- (2, 3, '京东物流', 'JD0000098765432', '运输中', '2023-10-16 09:00:00', NULL);

-- ==========================================
-- 12. 评价表 (review)
-- ==========================================
INSERT INTO review (id, user_id, product_id, rating, content, created_at) VALUES
(1, 3, 10001, 5, '鞋子非常轻便，踩屎感很强，今天去操场跑了10公里，膝盖一点都不疼，正品好评！', '2023-10-05 20:15:00'),
(2, 3, 10002, 4, '手感不错，吸湿材质名不虚传，但是刚买回来稍微有点滑，需要磨合一下。', '2023-10-06 10:00:00');

-- ==========================================
-- 13. 促销/秒杀活动 (promotion)
-- ==========================================
INSERT INTO promotion (id, product_id, sku_id, promo_price, stock, start_time, end_time) VALUES
(1, 10001, 1, 599.00, 100, DATE_SUB(NOW(), INTERVAL 1 DAY), DATE_ADD(NOW(), INTERVAL 3 DAY)),
(2, 10002, 3, 799.00, 20, DATE_ADD(NOW(), INTERVAL 5 DAY), DATE_ADD(NOW(), INTERVAL 7 DAY));
