USE sport_shop;
-- ==========================================
-- 1. 补充测试买家用户
-- ==========================================
INSERT INTO sys_user (user_id, user_name, nick_name, user_type, email, phonenumber, sex, password, status, create_by, create_time) VALUES 
(3, 'zhangsan', '张三(买家)', '01', 'zhangsan@qq.com', '13800138000', '1', '$2a$10$boXFAiZ4OdtZiT2owx.xx.F848I4rh4JCQQDvgAaEwiktcFRh8Ile', '0', 'admin', NOW()),
(4, 'lisi', '李四(买家)', '01', 'lisi@163.com', '13900139000', '0', '$2a$10$boXFAiZ4OdtZiT2owx.xx.F848I4rh4JCQQDvgAaEwiktcFRh8Ile', '0', 'admin', NOW());

-- ==========================================
-- 2. 收货地址假数据 (address)
-- ==========================================
INSERT INTO address (id, user_id, name, phone, province, city, district, detail, is_default, created_at) VALUES 
(1, 3, '张三', '13800138000', '北京市', '北京市', '朝阳区', '望京SOHO T1 1101室', 1, NOW()),
(2, 3, '张三(公司)', '13800138000', '北京市', '北京市', '海淀区', '中关村软件园 8号楼', 0, NOW()),
(3, 4, '李四', '13900139000', '上海市', '上海市', '浦东新区', '张江高科技园区 88号', 1, NOW());

INSERT INTO category (id, name, parent_id, sort, created_at) VALUES
-- 一级分类
(1, '运动鞋靴', 0, 1, '2026-06-03 10:22:23'),
(7, '运动服饰', 0, 2, '2026-06-03 18:24:23'),

-- 运动鞋靴子分类
(2, '跑步鞋', 1, 1, '2026-06-03 10:22:23'),
(3, '篮球鞋', 1, 2, '2026-06-03 10:22:23'),
(4, '羽毛球鞋', 1, 3, '2026-06-03 10:22:23'),
(5, '户外鞋', 1, 4, '2026-06-03 10:22:23'),
(6, '乒乓球鞋', 1, 5, '2026-06-03 10:22:23'),

-- 运动服饰子分类
(8, '健身服饰', 7, 1, '2026-06-03 18:24:23'),
(9, '跑步服饰', 7, 2, '2026-06-03 18:24:23'),
(10, '游泳服饰', 7, 3, '2026-06-03 18:24:23'),
(11, '骑行服饰', 7, 4, '2026-06-03 18:24:23'),
(12, '钓鱼服饰', 7, 5, '2026-06-03 18:24:23');

INSERT INTO product (id, category_id, name, description, main_image, price, status, stock, created_at) VALUES 
(10001, 2, '吾适6女子透气清凉休闲慢跑鞋', '透气缓震，适合日常慢跑及中长跑训练。', '10001_main.png', 599.00, 1, 500, '2026-06-03 10:22:23'),
(10002, 3, 'Adidas Trae Young 1 吹杨一代篮球鞋', '极度防滑，专为后卫打造的实战利器。', '10002_main.png', 899.00, 1, 200, '2026-06-03 10:22:23'),
(10004, 4, '影速SE男女同款减震回弹羽毛球专业鞋', '轻量回弹更为优异，穿着更为舒适。', '10004_main.png', 799.00, 1, 200, '2026-06-03 10:22:23'),
(10005, 5, '行景2男女同款透气清凉减震回弹户外徒步鞋', '缓震稳步，步履轻盈。', '10005_main.png', 420.00, 1, 300, '2026-06-03 10:22:23'),
(10006, 6, '乒乓球系列鹰眼2.0 PRO男女同款减震回弹乒乓球专业鞋APPU023-11', '减震回弹，专业乒乓比赛鞋', '10006_main.png', 600.00, 1, 300, '2026-06-03 10:22:23');

INSERT INTO product (id, category_id, name, description, main_image, price, status, stock, created_at) VALUES 
(30001, 2, '男士高强度训练紧身T恤 - 锌灰色', '专为力量训练而设计，凸显肌肉线条，展示训练成果。背部和下摆的防滑设计，助力您专注训练
这款无缝修身T恤能让您在锻炼时更加专注更自信！它能完美凸显您的胸部、背部和手臂线条。', '30001_main.png', 149.90, 1, 500, '2026-06-03 18:24:23'),
(30002, 3, '男士跑步凉感快干T恤RUN DRY 500', '我们的设计师为在温暖天气跑步时提供更舒适体验，打造了这款柔软、透气、凉爽的男士运动T恤。
这款T恤柔软、凉爽、透气，跑步时让你几乎忘记它的存在。它的舒适性会使其成为您跑步的好伙伴。', '30002_main.png', 69.90, 1, 200, '2026-06-03 18:24:23'),
(30003, 4, '男士泳裤, Yoko black yellow', '这款时尚的泳裤专为想要循序渐进的游泳者而设计，他们既想要锻炼身体，又想提高游泳技术.
想要一款出众的泳裤? 出色的合身性和高抗氯性， 是高强度游泳练习的理想搭档。', '30003_main.png', 109.90, 1, 200, '2026-06-03 18:24:23'),
(30004, 5, '骑行头盔 RoadR 500-白色', '这款头盔由我们的工程师匠心设计，灵感源自品牌专为初次骑行体验打造的经典款型。
这款头盔专为骑行者打造，契合其对紧凑造型、高效透气头盔的需求；搭载品牌研发中心工程师团队专属设计的调节系统，带来更舒适的佩戴体验。', '30004_main.png', 249.90, 1, 300, '2026-06-03 18:24:23'),
(30005, 6, '防晒帽 遮阳帽CN Fishing HAT Grey', '本款防晒帽可根据户外需求，变换四种戴法。有效阻挡紫外线，为您提供360°防晒保护。
本款防晒帽可根据户外需求，变换四种戴法。有效阻挡紫外线，为您提供360°防晒保护。', '30005_main.png', 79.90, 1, 300, '2026-06-03 18:24:23');


INSERT INTO product_image (product_id, url, sort, created_at) VALUES 
(10001, '10001_1.png', 1, '2026-06-03 10:25:53'),
(10001, '10001_2.png', 2, '2026-06-03 10:25:53'),
(10002, '10002_1.png', 1, '2026-06-03 10:25:53'),
(10002, '10002_2.png', 2, '2026-06-03 10:25:53'),
(10004, '10004_1.png', 1, '2026-06-03 10:25:53'),
(10004, '10004_2.png', 2, '2026-06-03 10:25:53'),
(10005, '10005_1.png', 1, '2026-06-03 10:25:53'),
(10005, '10005_2.png', 2, '2026-06-03 10:25:53'),
(10006, '10006_1.png', 1, '2026-06-03 10:25:53'),
(10006, '10006_2.png', 2, '2026-06-03 10:25:53'),
(10006, '10006_3.png', 3, '2026-06-03 10:25:53');

INSERT INTO product_image (product_id, url, sort, created_at) VALUES 
(30001, '30001_1.png', 1, '2026-06-03 18:24:53'),
(30001, '30001_2.png', 2, '2026-06-03 18:24:53'),
(30001, '30001_3.png', 3, '2026-06-03 18:24:53'),
(30002, '30002_1.png', 1, '2026-06-03 18:24:53'),
(30002, '30002_2.png', 2, '2026-06-03 18:24:53'),
(30002, '30002_3.png', 3, '2026-06-03 18:24:53'),
(30003, '30003_1.png', 1, '2026-06-03 18:24:53'),
(30003, '30003_2.png', 2, '2026-06-03 18:24:53'),
(30003, '30003_3.png', 3, '2026-06-03 18:24:53'),
(30004, '30004_1.png', 1, '2026-06-03 18:24:53'),
(30004, '30004_2.png', 2, '2026-06-03 18:24:53'),
(30004, '30004_3.png', 3, '2026-06-03 18:24:53'),
(30005, '30005_1.png', 1, '2026-06-03 18:24:53'),
(30005, '30005_2.png', 2, '2026-06-03 18:24:53'),
(30005, '30005_3.png', 3, '2026-06-03 18:24:53');

INSERT INTO product_sku (product_id, sku_name, price, stock, sku_code, created_at) VALUES 
(10001, '黑白基础色-42码', 599.00, 100, 'NK-AP39-BLK-42', '2026-06-03 10:25:53'),
(10001, '黑白基础色-43码', 599.00, 80, 'NK-AP39-BLK-43', '2026-06-03 10:25:53'),
(10002, '云雾白-42.5码', 899.00, 50, 'ARSW034-1', '2026-06-03 10:25:53'),
(10002, '浮水绿-42.5码', 899.00, 50, 'ARSW034-10', '2026-06-03 10:25:53'),
(10004, '朱砂红-42码', 799.00, 50, 'AYZU021-1', '2026-06-03 10:25:53'),
(10005, '水晶灰-42码', 420.00, 50, 'AHTW007-7', '2026-06-03 10:25:53'),
(10005, '曜石灰/素卡其-41码', 420.00, 50, 'AYZU021-2', '2026-06-03 10:25:53'),
(10006, '荧光果粉-41码', 600.00, 50, 'APPU023-8', '2026-06-03 10:25:53'),
(10006, '月白蓝-42码', 600.00, 50, 'APPU023-7', '2026-06-03 10:25:53'),
(10006, '鲜蓝色-42码', 600.00, 50, 'APPU023-1', '2026-06-03 10:25:53');

INSERT INTO product_sku (product_id, sku_name, price, stock, sku_code, created_at) VALUES 
(30001, 'S [短款]170/88A', 149.90, 200, 'NK-AP39-BLK-42', '2026-06-03 18:25:53'),
(30001, 'M [短款]175/96A', 149.90, 300, 'NK-AP39-BLK-43', '2026-06-03 18:25:53'),
(30002, 'S - 170/88A', 69.90, 100, 'ARSW034-1', '2026-06-03 18:25:53'),
(30002, 'M - 175/92A', 69.90, 100, 'ARSW034-10', '2026-06-03 18:25:53'),
(30003, 'S-M - 180/78A', 69.90, 200, 'AYZU021-1', '2026-06-03 18:25:53'),
(30004, 'M', 249.90, 150, 'AHTW007-7', '2026-06-03 18:25:53'),
(30004, 'L', 249.90, 150, 'AYZU021-2', '2026-06-03 18:25:53'),
(30005, '均码', 79.90, 300, 'APPU023-8', '2026-06-03 18:25:53');


-- ==========================================
-- 7. 购物车 (cart)
-- ==========================================
INSERT INTO cart (user_id, product_id, sku_id, quantity, checked, created_at) VALUES 
(3, 10001, 1, 1, 1, NOW()),         
(4, 10001, 1, 2, 0, NOW());         

-- ==========================================
-- 8. 订单主表 (orders)
-- ==========================================
INSERT INTO orders (id, user_id, address_id, total_amount, pay_amount, status, payment_type, created_at) VALUES 
(1, 3, 1, 699.00, 699.00, 3, 2, '2023-10-01 10:00:00'), 
(2, 4, 3, 899.00, 899.00, 0, NULL, NOW()),               
(3, 3, 2, 699.00, 699.00, 2, 1, '2023-10-15 14:30:00'); 

-- ==========================================
-- 9. 订单详情快照表 (order_item)
-- ==========================================
INSERT INTO order_item (id, order_id, product_id, sku_id, product_name, sku_name, price, quantity, total_price, created_at) VALUES 
(1, 1, 10001, 1, 'Nike Air Zoom Pegasus 39 登月跑步鞋', '黑白基础色-42码', 699.00, 1, 699.00, '2023-10-01 10:00:00'),
(3, 2, 10002, 3, 'Adidas Trae Young 1 吹杨一代篮球鞋', '冰雪蓝-42.5码', 899.00, 1, 899.00, NOW()),
(4, 3, 10001, 2, 'Nike Air Zoom Pegasus 39 登月跑步鞋', '黑白基础色-43码', 699.00, 1, 699.00, '2023-10-15 14:30:00');

-- ==========================================
-- 10. 支付记录 (payment)
-- ==========================================
INSERT INTO payment (id, order_id, user_id, amount, payment_method, trade_no, status, created_at) VALUES 
(1, 1, 3, 699.00, 2, 'ALIPAY202310018888999901', 1, '2023-10-01 10:05:00'),
(2, 3, 3, 699.00, 1, 'WXPAY202310156666777702', 1, '2023-10-15 14:32:00');

-- ==========================================
-- 11. 物流表 (order_shipping)
-- ==========================================
INSERT INTO order_shipping (id, order_id, courier_company, tracking_no, status, shipped_at, delivered_at) VALUES 
(1, 1, '顺丰速运', 'SF1234567890123', '已签收', '2023-10-01 15:00:00', '2023-10-03 11:30:00'),
(2, 3, '京东物流', 'JD0000098765432', '运输中', '2023-10-16 09:00:00', NULL);

-- ==========================================
-- 12. 评价表 (review)
-- ==========================================
INSERT INTO review (id, user_id, product_id, rating, content, created_at) VALUES 
(1, 3, 10001, 5, '鞋子非常轻便，踩屎感很强，今天去操场跑了10公里，膝盖一点都不疼，正品好评！', '2023-10-05 20:15:00'),
(2, 3, 10002, 4, '手感不错，吸湿材质名不虚传，但是刚买回来稍微有点滑，需要磨合一下。', '2023-10-06 10:00:00');

-- ==========================================
-- 13. 促销/秒杀活动 (promotion)
-- ==========================================
INSERT INTO promotion (id, product_id, sku_id, promo_price, stock, start_time, end_time) VALUES 
(1, 10001, 1, 599.00, 100, DATE_SUB(NOW(), INTERVAL 1 DAY), DATE_ADD(NOW(), INTERVAL 3 DAY)), 
(2, 10002, 3, 799.00, 20, DATE_ADD(NOW(), INTERVAL 5 DAY), DATE_ADD(NOW(), INTERVAL 7 DAY));