
INSERT INTO category (id, name, parent_id, sort, created_at) VALUES 
(1, '运动鞋靴', 0, 1, '2026-06-03 10:22:23'),
(2, '跑步鞋', 1, 1, '2026-06-03 10:22:23'),
(3, '篮球鞋', 1, 2, '2026-06-03 10:22:23'),
(4, '羽毛球鞋', 1, 3, '2026-06-03 10:22:23'),
(5, '户外鞋', 1, 4, '2026-06-03 10:22:23'),
(6, '乒乓球鞋', 1, 5, '2026-06-03 10:22:23');



INSERT INTO product (id, category_id, name, description, main_image, price, status, stock, created_at) VALUES 
(10001, 2, '吾适6女子透气清凉休闲慢跑鞋', '透气缓震，适合日常慢跑及中长跑训练。', '10001_main.png', 599.00, 1, 500, '2026-06-03 10:22:23'),
(10002, 3, 'Adidas Trae Young 1 吹杨一代篮球鞋', '极度防滑，专为后卫打造的实战利器。', '10002_main.png', 899.00, 1, 200, '2026-06-03 10:22:23'),
(10004, 4, '影速SE男女同款减震回弹羽毛球专业鞋', '轻量回弹更为优异，穿着更为舒适。', '10004_main.png', 799.00, 1, 200, '2026-06-03 10:22:23'),
(10005, 5, '行景2男女同款透气清凉减震回弹户外徒步鞋', '缓震稳步，步履轻盈。', '10005_main.png', 420.00, 1, 300, '2026-06-03 10:22:23'),
(10006, 6, '乒乓球系列鹰眼2.0 PRO男女同款减震回弹乒乓球专业鞋APPU023-11', '减震回弹，专业乒乓比赛鞋', '10006_main.png', 600.00, 1, 300, '2026-06-03 10:22:23');


INSERT INTO product_image (product_id, url, sort, created_at) VALUES 
(10001, '10001_1.png', 1, '2026-06-03 10:25:53'),
(10001, '10001_2.png', 2, '2026-06-03 10:25:53'),
(10002, '10002_1.png', 1, '2026-06-03 10:25:53'),
(10002, '10002_2.png', 2, '2026-06-03 10:25:53'),
(10004, '10004_1.png', 1, '2026-06-03 10:25:53'),
(10004, '10004_2.png', 2, '2026-06-03 10:25:53'),
(10005, '10005_1.png', 1, '2026-06-03 10:25:53'),
(10005, '10005_2.png', 2, '2026-06-03 10:25:53'),
(10006, '10006_1.png', 1, '2026-06-03 10:25:53'),
(10006, '10006_2.png', 2, '2026-06-03 10:25:53'),
(10006, '10006_3.png', 3, '2026-06-03 10:25:53');



INSERT INTO product_sku (product_id, sku_name, price, stock, sku_code, created_at) VALUES 
(10001, '黑白基础色-42码', 599.00, 100, 'NK-AP39-BLK-42', '2026-06-03 10:25:53'),
(10001, '黑白基础色-43码', 599.00, 80, 'NK-AP39-BLK-43', '2026-06-03 10:25:53'),
(10002, '云雾白-42.5码', 899.00, 50, 'ARSW034-1', '2026-06-03 10:25:53'),
(10002, '浮水绿-42.5码', 899.00, 50, 'ARSW034-10', '2026-06-03 10:25:53'),
(10004, '朱砂红-42码', 799.00, 50, 'AYZU021-1', '2026-06-03 10:25:53'),
(10005, '水晶灰-42码', 420.00, 50, 'AHTW007-7', '2026-06-03 10:25:53'),
(10005, '曜石灰/素卡其-41码', 420.00, 50, 'AYZU021-2', '2026-06-03 10:25:53'),
(10006, '荧光果粉-41码', 600.00, 50, 'APPU023-8', '2026-06-03 10:25:53'),
(10006, '月白蓝-42码', 600.00, 50, 'APPU023-7', '2026-06-03 10:25:53'),
(10006, '鲜蓝色-42码', 600.00, 50, 'APPU023-1', '2026-06-03 10:25:53');